latitude,longitude,altitude,geometry,@id,landuse,name,type,@geometry,imagery_used,created_by,highway,name:fr,wikidata,wikipedia,amenity,religion,operator,resource,substance,name:kn,material,abandoned:landuse,disused,barrier,source,note,loc_name:hi,man_made,addr:housenumber,alt_name,operator:type,natural,hazard,disused:landuse,abandoned:man_made,boundary,contamination,description,informal,old_name
12.9772271,77.6567869,,Point,relation/8768445,landfill,BEML Scrapyard,multipolygon,center,,,,,,,,,,,,,,,,,,,,,,,,,,,,,,,,
22.3240579,82.717264,,Point,relation/13051600,landfill,,multipolygon,center,"MaxarPremium, retreived 08/2021 (aligned to existing data)",,,,,,,,,,,,,,,,,,,,,,,,,,,,,,,
28.4157618,77.0539108,,Point,way/24636552,landfill,,,center,,Potlatch 0.9c,residential,,,,,,,,,,,,,,,,,,,,,,,,,,,,,
13.0524129,80.24008,,Point,way/27187397,landfill,Transit Dumpyard,,center,,,,,,,,,,,,,,,,,,,,,,,,,,,,,,,,
13.0407194,80.2753761,,Point,way/28318932,landfill,,,center,,,,,,,,,,,,,,,,,,,,,,,,,,,,,,,,
13.0958708,80.269014,,Point,way/28342689,landfill,,,center,,,,,,,,,,,,,,,,,,,,,,,,,,,,,,,,
13.134869,80.2694021,,Point,way/29199633,landfill,Kodungaiyur Corporation Landfill,,center,,,,,,,,,,,,,,,,,,,,,,,,,,,,,,,,
28.4023359,77.1720476,,Point,way/34263673,landfill,Bandhwari Solid Waste Management Plant,,center,,,,,,,,,,,,,,,,,,,,,,,,,,,,,,,,
13.0502393,80.272474,,Point,way/47474046,landfill,,,center,,,,,,,,,,,,,,,,,,,,,,,,,,,,,,,,
13.0927919,80.2491878,,Point,way/48057026,landfill,,,center,,,,,,,,,,,,,,,,,,,,,,,,,,,,,,,,
28.6237856,77.3273664,,Point,way/76727509,landfill,Ghazipur Landfill,,center,,,,Décharge de Ghazipur,Q65128845,fr:Décharge de Ghazipur,,,,,,,,,,,,,,,,,,,,,,,,,,
12.9545595,80.2268859,,Point,way/84106307,landfill,Pallikaranai Dumpyard,,center,,,,,,,,,,,,,,,,,,,,,,,,,,,,,,,,
8.1635245,77.434756,,Point,way/96235922,landfill,Municipal Dumping Ground,,center,,,,,,,,,,,,,,,,,,,,,,,,,,,,,,,,
10.8040381,78.7248986,,Point,way/109612574,landfill,Corporation Landfill,,center,,,,,,,,,,,,,,,,,,,,,,,,,,,,,,,,
24.7897038,87.8937203,,Point,way/114812792,landfill,Ash Pond,,center,,,,,,,,,,,,,,,,,,,,,,,,,,,,,,,,
30.9179722,74.6144197,,Point,way/119745527,landfill,Church ground,,center,,,,,,,grave_yard,christian,,,,,,,,,,,,,,,,,,,,,,,,
12.9580768,80.2126516,,Point,way/121118533,landfill,Velachery Landfill,,center,,,,,,,,,,,,,,,,,,,,,,,,,,,,,,,,
15.3241614,75.1095933,,Point,way/124149282,landfill,HDMC Landfill,,center,,,,,,,,,,,,,,,,,,,,,,,,,,,,,,,,
13.0811899,77.7274938,,Point,way/135169264,landfill,Mandur Landfill,,center,,,,,,,,,BBMP,,,,,,,,,,,,,,,,,,,,,,,
16.3738536,77.3417946,,Point,way/136558034,landfill,,,center,,,,,,,,,,,,,,,,,,,,,,,,,,,,,,,,
21.417177,73.1214384,,Point,way/146371889,landfill,,,center,,,,,,,,,,coal,,,,,,,,,,,,,,,,,,,,,,
22.1973597,84.849023,,Point,way/150890731,landfill,,,center,,,,,,,,,,,,,,,,,,,,,,,,,,,,,,,,
19.1673655,72.9729356,,Point,way/151861273,landfill,Mulund Dumping Ground,,center,,,,,,,,,BMC,,,,,,,,,,,,,,,,,,,,,,,
22.8176527,69.5511923,,Point,way/160966600,landfill,,,center,,,,,,,,,,,coal,,,,,,,,,,,,,,,,,,,,,
22.8158318,69.5511796,,Point,way/160966602,landfill,,,center,,,,,,,,,,,coal,,,,,,,,,,,,,,,,,,,,,
22.8171025,69.5512714,,Point,way/160966604,landfill,,,center,,,,,,,,,,,coal,,,,,,,,,,,,,,,,,,,,,
22.8183139,69.5514559,,Point,way/160966606,landfill,,,center,,,,,,,,,,,coal,,,,,,,,,,,,,,,,,,,,,
22.8163812,69.551183,,Point,way/160966607,landfill,,,center,,,,,,,,,,,coal,,,,,,,,,,,,,,,,,,,,,
22.8188658,69.5512657,,Point,way/160966608,landfill,,,center,,,,,,,,,,,coal,,,,,,,,,,,,,,,,,,,,,
22.8151434,69.5371616,,Point,way/160975822,landfill,,,center,,,,,,,,,,,coal,,,,,,,,,,,,,,,,,,,,,
22.8143615,69.537154,,Point,way/160975823,landfill,,,center,,,,,,,,,,,coal,,,,,,,,,,,,,,,,,,,,,
22.8135259,69.5371456,,Point,way/160975825,landfill,,,center,,,,,,,,,,,coal,,,,,,,,,,,,,,,,,,,,,
22.7540609,69.5597355,,Point,way/160980822,landfill,,,center,,,,,,,,,,,,,,,,,,,,,,,,,,,,,,,,
22.7558215,69.5605992,,Point,way/160980823,landfill,,,center,,,,,,,,,,,,,,,,,,,,,,,,,,,,,,,,
22.7552175,69.5603062,,Point,way/160980824,landfill,,,center,,,,,,,,,,,,,,,,,,,,,,,,,,,,,,,,
22.7547165,69.5600506,,Point,way/160980825,landfill,,,center,,,,,,,,,,,,,,,,,,,,,,,,,,,,,,,,
22.7533215,69.559353,,Point,way/160980826,landfill,,,center,,,,,,,,,,,,,,,,,,,,,,,,,,,,,,,,
22.7520251,69.5583413,,Point,way/160980827,landfill,,,center,,,,,,,,,,,,,,,,,,,,,,,,,,,,,,,,
22.7526197,69.5590301,,Point,way/160980828,landfill,,,center,,,,,,,,,,,,,,,,,,,,,,,,,,,,,,,,
18.896268,76.5512431,,Point,way/169098263,landfill,Flyash Dump,,center,,,,,,,,,,,,,,,,,,,,,,,,,,,,,,,,
12.9428385,77.5351907,,Point,way/172895685,landfill,,,center,,,,,,,,,,,,,,,,,,,,,,,,,,,,,,,,
12.9587557,78.2654692,,Point,way/173007082,landfill,Cyanide dump,,center,,,,,,,,,,,,ಸೈನೈಡ್ ಗುಡ್ಡ,,,,,,,,,,,,,,,,,,,,
30.2229008,74.9060088,,Point,way/185779298,landfill,Flyash Dump,,center,,,,,,,,,,,,,,,,,,,,,,,,,,,,,,,,
24.1081355,82.7086812,,Point,way/196399642,landfill,,,center,,,,,,,,,,,,,,,,,,,,,,,,,,,,,,,,
24.1066464,82.702431,,Point,way/196399643,landfill,,,center,,,,,,,,,,,,,coal,,,,,,,,,,,,,,,,,,,
24.1056241,82.7029629,,Point,way/196399644,landfill,,,center,,,,,,,,,,,,,coal,,,,,,,,,,,,,,,,,,,
24.1061904,82.7027566,,Point,way/196399645,landfill,,,center,,,,,,,,,,,,,coal,,,,,,,,,,,,,,,,,,,
24.1799751,82.7890933,,Point,way/196524090,landfill,,,center,,,,,,,,,,,,,,,,,,,,,,,,,,,,,,,,
24.1797623,82.7916538,,Point,way/196524097,landfill,,,center,,,,,,,,,,,,,,,,,,,,,,,,,,,,,,,,
24.1998308,82.7921044,,Point,way/196933551,landfill,,,center,,,,,,,,,,,,,coal,,,,,,,,,,,,,,,,,,,
24.2004972,82.7922147,,Point,way/196933553,landfill,,,center,,,,,,,,,,,,,coal,,,,,,,,,,,,,,,,,,,
24.1993919,82.7860179,,Point,way/196933554,landfill,,,center,,,,,,,,,,,,,coal,,,,,,,,,,,,,,,,,,,
24.1984173,82.7921909,,Point,way/196933555,landfill,,,center,,,,,,,,,,,,,coal,,,,,,,,,,,,,,,,,,,
24.1990539,82.7921238,,Point,way/196933556,landfill,,,center,,,,,,,,,,,,,coal,,,,,,,,,,,,,,,,,,,
24.1998974,82.7859755,,Point,way/196933557,landfill,,,center,,,,,,,,,,,,,coal,,,,,,,,,,,,,,,,,,,
24.1975002,82.7859236,,Point,way/196933559,landfill,,,center,,,,,,,,,,,,,coal,,,,,,,,,,,,,,,,,,,
24.196889,82.7860017,,Point,way/196933565,landfill,,,center,,,,,,,,,,,,,coal,,,,,,,,,,,,,,,,,,,
24.1861635,82.7609281,,Point,way/196935283,landfill,spoil heaps,,center,,,,,,,,,Northern Coalfields Limited,,,,,,,,,,,,,,,,,,,,,,,
24.2048583,82.7401921,,Point,way/197151374,landfill,,,center,,,,,,,,,,,,,,,,,,,,,,,,,,,,,,,,
24.2054313,82.7466419,,Point,way/197151375,landfill,,,center,,,,,,,,,,,,,,,,,,,,,,,,,,,,,,,,
13.0723782,80.2650184,,Point,way/214711613,landfill,,,center,,,,,,,,,,,,,,,,,,,,,,,,,,,,,,,,
13.1052195,80.2752856,,Point,way/217850825,landfill,,,center,,,,,,,,,,,,,,,,,,,,,,,,,,,,,,,,
29.9429507,78.09733,,Point,way/227294952,landfill,,,center,,,,,,,,,,,,,,,,,,,,,,,,,,,,,,,,
18.773877,82.9098829,,Point,way/231145720,landfill,,,center,,,,,,,,,,,,,,,,,,,,,,,,,,,,,,,,
18.7768772,82.9078344,,Point,way/231145721,landfill,,,center,,,,,,,,,,,,,,,,,,,,,,,,,,,,,,,,
18.7735586,82.9105754,,Point,way/231145722,landfill,,,center,,,,,,,,,,,,,,,,,,,,,,,,,,,,,,,,
18.7764209,82.9083004,,Point,way/231145723,landfill,,,center,,,,,,,,,,,,,,,,,,,,,,,,,,,,,,,,
24.3790989,88.0931383,,Point,way/232029753,landfill,,,center,,,,,,,,,,,,,,,,,,,,,,,,,,,,,,,,
18.0039456,79.6822835,,Point,way/233818554,landfill,,,center,,,,,,,,,,,,,,,,,,,,,,,,,,,,,,,,
19.0807744,73.0228799,,Point,way/235983873,landfill,Turbhe Landfill,,center,,,,,,,,,NMMC,,,,,quarry,,,,,,,,,,,,,,,,,,
12.9504468,78.2621826,,Point,way/239066751,landfill,Cyanide dump,,center,,,,,,,,,,,,ಸೈನೈಡ್ ಗುಡ್ಡ,,,,,,,,,,,,,,,,,,,,
12.9475062,78.2608753,,Point,way/239066780,landfill,Cyanide dump,,center,,,,,,,,,,,,ಸೈನೈಡ್ ಗುಡ್ಡ,,,,,,,,,,,,,,,,,,,,
12.9506048,78.264374,,Point,way/239193107,landfill,Cyanide dump,,center,,,,,,,,,,,,ಸೈನೈಡ್ ಗುಡ್ಡ,,,,,,,,,,,,,,,,,,,,
32.285229,75.636573,,Point,way/239435166,landfill,,,center,,,,,,,,,,,,,,,,,,,,,,,,,,,,,,,,
23.4411695,87.1333205,,Point,way/239809748,landfill,,,center,,,,,,,,,,,,,,,,,,,,,,,,,,,,,,,,
8.1156567,77.5252868,,Point,way/254607545,landfill,,,center,,,,,,,,,,,,,,,,,,,,,,,,,,,,,,,,
19.2364167,72.8266382,,Point,way/257455759,landfill,Gorai Landfill,,center,,,,,,,,,BMC,,,,,,yes,,,,,,,,,,,,,,,,,
19.124154,72.9514491,,Point,way/257455760,landfill,Kanjur Landfill,,center,,,,,,,,,,,,,,,,,,,,,,,,,,,,,,,,
19.2501972,73.119217,,Point,way/257480493,landfill,Aadharwadi Dumping Ground,,center,,,,,,,,,KDMC,,,,,,,,,,,,,,,,,,,,,,,
9.8399178,78.639819,,Point,way/259095828,landfill,,,center,,,,,,,,,,,,,,,,,,,,,,,,,,,,,,,,
9.1680976,78.4430805,,Point,way/259103525,landfill,,,center,,,,,,,,,,,,,,,,,,,,,,,,,,,,,,,,
17.7604649,79.7810161,,Point,way/263349644,landfill,,,center,,,,,,,,,,,,,,,,,,,,,,,,,,,,,,,,
17.4851161,79.7789607,,Point,way/263391524,landfill,,,center,,,,,,,,,,,,,,,,,,,,,,,,,,,,,,,,
23.4211947,88.394756,,Point,way/283764445,landfill,,,center,,,,,,,,,,,,,,,,fence,,,,,,,,,,,,,,,,
13.0844097,77.7259195,,Point,way/285786390,landfill,Mandur Landfill,,center,,,,,,,,,BBMP,,,,,,,,,,,,,,,,,,,,,,,
13.0810565,77.7206295,,Point,way/285786393,landfill,,,center,,,,,,,,,,,,,,,,,,,,,,,,,,,,,,,,
13.0788539,77.7248627,,Point,way/285786400,landfill,,,center,,,,,,,,,,,,,,,,,,,,,,,,,,,,,,,,
13.1203489,77.5382242,,Point,way/285786403,landfill,Mavallipura BBMP Landfill,,center,,,,,,,,,,,,,,,,,,,,,,,,,,,,,,,,
13.058423,77.7343915,,Point,way/285786409,landfill,Cheemasandra BBMP Landfill,,center,,,,,,,,,,,,,,,,,,,,,,,,,,,,,,,,
12.8955831,77.6491571,,Point,way/287327441,landfill,Karnataka Compost Development Centre - KCDC,,center,,,,,,,,,,,,,,,,,,,,,,,,,,,,,,,,
19.0669442,72.9294437,,Point,way/289511744,landfill,Deonar Municipal Dumping Ground,,center,,,,,,,,,BMC,,,,,,,,,,,,,,,,,,,,,,,
22.7489676,88.3826025,,Point,way/313956962,landfill,,,center,,,,,,,,,,,,,,,,,,,,,,,,,,,,,,,,
19.0660659,72.9308069,,Point,way/314528563,landfill,,,center,,,,,,,,,,,,,,,,,,,,,,,,,,,,,,,,
25.1673865,75.8142782,,Point,way/320865425,landfill,,,center,,,,,,,,,,,coal,,,,,,,,,,,,,,,,,,,,,
22.9798773,72.5671562,,Point,way/321136517,landfill,Municipal Landfill,,center,,,,,,,,,,,,,,,,,,,,,,,,,,,,,,,,
22.5369406,88.424981,,Point,way/325363390,landfill,Dhapa Landfill,,center,,,,,,,,,,,,,,,,,,,,,,,,,,,,,,,,
19.7459477,85.2150006,,Point,way/326117863,landfill,Dumping Ground,,center,,,,,,,,,,,,,,,,,,,,,,,,,,,,,,,,
22.5391467,88.3807357,,Point,way/331408111,landfill,,,center,,,,,,,,,,,,,,,,,,,,,,,,,,,,,,,,
23.4218006,88.3987721,,Point,way/336311410,landfill,,,center,,,,,,,,,,,,,,,,,,,,,,,,,,,,,,,,
23.272028,72.6805339,,Point,way/338817474,landfill,Fly Ash Pond,,center,,,,,,,,,,,,,,,,,,,,,,,,,,,,,,,,
23.2746193,72.6865659,,Point,way/338817475,landfill,Fly Ash Pond,,center,,,,,,,,,,,,,,,,,,,,,,,,,,,,,,,,
23.2761609,72.6847202,,Point,way/338817477,landfill,Fly Ash Pond,,center,,,,,,,,,,,,,,,,,,,,,,,,,,,,,,,,
12.5201202,76.9126808,,Point,way/343156470,landfill,,,center,,,,,,,,,,,,,,,,,,,,,,,,,,,,,,,,
19.2991121,84.7926206,,Point,way/343206622,landfill,,,center,,,,,,,,,,,,,,,,,,,,,,,,,,,,,,,,
12.8482228,77.5826632,,Point,way/344936993,landfill,,,center,,,,,,,,,,,,,,,,,,,,,,,,,,,,,,,,
11.5802435,79.4726402,,Point,way/345057936,landfill,Fly Ash Dump,,center,,,,,,,,,,,,,,,,,,,,,,,,,,,,,,,,
11.5744239,79.4523893,,Point,way/345057937,landfill,Fly Ash Dump,,center,,,,,,,,,,,,,,,,,,,,,,,,,,,,,,,,
21.1061841,85.034421,,Point,way/354070769,landfill,,,center,,,,,,,,,,,,,,,,,,,,,,,,,,,,,,,,
21.112137,85.0286402,,Point,way/354070770,landfill,,,center,,,,,,,,,,,,,,,,,,,,,,,,,,,,,,,,
21.116629,85.0191091,,Point,way/354070771,landfill,,,center,,,,,,,,,,,,,,,,,,,,,,,,,,,,,,,,
26.8826813,88.1886151,,Point,way/358499183,landfill,,,center,,,,,,,,,,,,,,,,,,,,,,,,,,,,,,,,
11.9724113,79.8097505,,Point,way/358822045,landfill,Karuvadikuppam Landfill,,center,,,,,,,,,,,,,,,,,,,,,,,,,,,,,,,,
11.9506014,79.8041266,,Point,way/358868432,landfill,,,center,,,,,,,,,,,,,,,,,,,,,,,,,,,,,,,,
12.9956603,76.0932318,,Point,way/361608328,landfill,,,center,,,,,,,,,,,,,,,,,,,,,,,,,,,,,,,,
12.997212,76.0948087,,Point,way/361608329,landfill,,,center,,,,,,,,,,,,,,,,,,,,,,,,,,,,,,,,
10.1509147,76.2422241,,Point,way/362823777,landfill,Municipal Waste Management,,center,,,,,,,,,,,,,,,,,,,,,,,,,,,,,,,,
13.6861723,79.3573783,,Point,way/362920024,landfill,Dumping Ground,,center,,,,,,,,,,,,ಕಸದ ಗುಡ್ಡೆ,,,,,,,,,,,,,,,,,,,,
23.4112897,85.2557997,,Point,way/364607640,landfill,Municipal Landfill,,center,,,,,,,,,,,,,,,,,,,,,,,,,,,,,,,,
21.6412317,69.5847366,,Point,way/373416266,landfill,Coal Dump,,center,,,,,,,,,,,,,,,,,,,,,,,,,,,,,,,,
12.9459397,77.6595119,,Point,way/373812697,landfill,,,center,,,,,,,,,,,,,,,,,,,,,,,,,,,,,,,,
17.5049455,79.5073326,,Point,way/374394923,landfill,,,center,,,,,,,,,,,,,,,,,,,,,,,,,,,,,,,,
17.5297975,79.4724537,,Point,way/374394924,landfill,,,center,,,,,,,,,,,,,,,,,,,,,,,,,,,,,,,,
17.5040779,79.5081492,,Point,way/374394926,landfill,,,center,,,,,,,,,,,,,,,,,,,,,,,,,,,,,,,,
17.5031774,79.4803385,,Point,way/374394927,landfill,,,center,,,,,,,,,,,,,,,,,,,,,,,,,,,,,,,,
17.5320523,79.518501,,Point,way/374394928,landfill,,,center,,,,,,,,,,,,,,,,,,,,,,,,,,,,,,,,
17.5304305,79.4752475,,Point,way/374394930,landfill,,,center,,,,,,,,,,,,,,,,,,,,,,,,,,,,,,,,
17.5023025,79.4786424,,Point,way/374394931,landfill,,,center,,,,,,,,,,,,,,,,,,,,,,,,,,,,,,,,
17.6259601,79.516521,,Point,way/374395881,landfill,,,center,,,,,,,,,,,,,,,,,,,,,,,,,,,,,,,,
17.6255152,79.5158801,,Point,way/374395882,landfill,,,center,,,,,,,,,,,,,,,,,,,,,,,,,,,,,,,,
17.6311312,79.5194287,,Point,way/374395883,landfill,,,center,,,,,,,,,,,,,,,,,,,,,,,,,,,,,,,,
17.6244721,79.5228053,,Point,way/374395884,landfill,,,center,,,,,,,,,,,,,,,,,,,,,,,,,,,,,,,,
17.6751164,79.498709,,Point,way/374395885,landfill,,,center,,,,,,,,,,,,,,,,,,,,,,,,,,,,,,,,
17.629938,79.5207399,,Point,way/374395890,landfill,,,center,,,,,,,,,,,,,,,,,,,,,,,,,,,,,,,,
17.6268291,79.517175,,Point,way/374395891,landfill,,,center,,,,,,,,,,,,,,,,,,,,,,,,,,,,,,,,
17.6002536,79.5868707,,Point,way/374396249,landfill,,,center,,,,,,,,,,,,,,,,,,,,,,,,,,,,,,,,
17.5663848,79.5872984,,Point,way/374396251,landfill,,,center,,,,,,,,,,,,,,,,,,,,,,,,,,,,,,,,
17.5691304,79.5810584,,Point,way/374396254,landfill,,,center,,,,,,,,,,,,,,,,,,,,,,,,,,,,,,,,
17.5985379,79.5829223,,Point,way/374396261,landfill,,,center,,,,,,,,,,,,,,,,,,,,,,,,,,,,,,,,
17.57449,79.5608323,,Point,way/374396262,landfill,,,center,,,,,,,,,,,,,,,,,,,,,,,,,,,,,,,,
17.6695386,79.4985841,,Point,way/374396950,landfill,,,center,,,,,,,,,,,,,,,,,,,,,,,,,,,,,,,,
17.6705965,79.4985109,,Point,way/374396951,landfill,,,center,,,,,,,,,,,,,,,,,,,,,,,,,,,,,,,,
17.669586,79.5211451,,Point,way/374396952,landfill,,,center,,,,,,,,,,,,,,,,,,,,,,,,,,,,,,,,
17.7838228,79.4971513,,Point,way/374396969,landfill,,,center,,,,,,,,,,,,,,,,,,,,,,,,,,,,,,,,
17.6847598,79.5711941,,Point,way/374397872,landfill,,,center,,,,,,,,,,,,,,,,,,,,,,,,,,,,,,,,
17.6827828,79.5395169,,Point,way/374397874,landfill,,,center,,,,,,,,,,,,,,,,,,,,,,,,,,,,,,,,
17.6783402,79.5609983,,Point,way/374397879,landfill,,,center,,,,,,,,,,,,,,,,,,,,,,,,,,,,,,,,
17.6798333,79.5481023,,Point,way/374397884,landfill,,,center,,,,,,,,,,,,,,,,,,,,,,,,,,,,,,,,
17.5501274,79.475969,,Point,way/374398169,landfill,,,center,,,,,,,,,,,,,,,,,,,,,,,,,,,,,,,,
17.5346903,79.4851223,,Point,way/374399647,landfill,,,center,,,,,,,,,,,,,,,,,,,,,,,,,,,,,,,,
17.5297551,79.4993769,,Point,way/374399649,landfill,,,center,,,,,,,,,,,,,,,,,,,,,,,,,,,,,,,,
17.5396176,79.4872018,,Point,way/374399650,landfill,,,center,,,,,,,,,,,,,,,,,,,,,,,,,,,,,,,,
17.7883762,79.6508064,,Point,way/374399718,landfill,,,center,,,,,,,,,,,,,,,,,,,,,,,,,,,,,,,,
17.6762347,79.5208929,,Point,way/374399728,landfill,,,center,,,,,,,,,,,,,,,,,,,,,,,,,,,,,,,,
17.654856,79.523188,,Point,way/374399746,landfill,,,center,,,,,,,,,,,,,,,,,,,,,,,,,,,,,,,,
17.6161688,79.5412124,,Point,way/374399845,landfill,,,center,,,,,,,,,,,,,,,,,,,,,,,,,,,,,,,,
17.6155105,79.5404286,,Point,way/374399846,landfill,,,center,,,,,,,,,,,,,,,,,,,,,,,,,,,,,,,,
17.6164,79.5425408,,Point,way/374399847,landfill,,,center,,,,,,,,,,,,,,,,,,,,,,,,,,,,,,,,
17.61593,79.5432435,,Point,way/374399848,landfill,,,center,,,,,,,,,,,,,,,,,,,,,,,,,,,,,,,,
17.6175005,79.5456913,,Point,way/374399849,landfill,,,center,,,,,,,,,,,,,,,,,,,,,,,,,,,,,,,,
17.6180061,79.5443222,,Point,way/374399850,landfill,,,center,,,,,,,,,,,,,,,,,,,,,,,,,,,,,,,,
17.6179509,79.5453079,,Point,way/374399851,landfill,,,center,,,,,,,,,,,,,,,,,,,,,,,,,,,,,,,,
17.6150618,79.5413463,,Point,way/374399852,landfill,,,center,,,,,,,,,,,,,,,,,,,,,,,,,,,,,,,,
17.6158623,79.5435858,,Point,way/374399853,landfill,,,center,,,,,,,,,,,,,,,,,,,,,,,,,,,,,,,,
17.6080224,79.5726722,,Point,way/374399855,landfill,,,center,,,,,,,,,,,,,,,,,,,,,,,,,,,,,,,,
17.6151518,79.5495456,,Point,way/374399856,landfill,,,center,,,,,,,,,,,,,,,,,,,,,,,,,,,,,,,,
17.6159879,79.5413347,,Point,way/374399857,landfill,,,center,,,,,,,,,,,,,,,,,,,,,,,,,,,,,,,,
17.5777722,79.5588862,,Point,way/374401815,landfill,,,center,,,,,,,,,,,,,,,,,,,,,,,,,,,,,,,,
17.5716691,79.7188509,,Point,way/374402460,landfill,,,center,,,,,,,,,,,,,,,,,,,,,,,,,,,,,,,,
17.7919187,79.6053408,,Point,way/374403081,landfill,,,center,,,,,,,,,,,,,,,,,,,,,,,,,,,,,,,,
17.790886,79.6052234,,Point,way/374403083,landfill,,,center,,,,,,,,,,,,,,,,,,,,,,,,,,,,,,,,
17.6161516,79.5390203,,Point,way/374403136,landfill,,,center,,,,,,,,,,,,,,,,,,,,,,,,,,,,,,,,
17.6152936,79.5391476,,Point,way/374403137,landfill,,,center,,,,,,,,,,,,,,,,,,,,,,,,,,,,,,,,
17.6116619,79.545134,,Point,way/374403138,landfill,,,center,,,,,,,,,,,,,,,,,,,,,,,,,,,,,,,,
17.6112609,79.5460284,,Point,way/374403142,landfill,,,center,,,,,,,,,,,,,,,,,,,,,,,,,,,,,,,,
17.6162846,79.5407145,,Point,way/374403144,landfill,,,center,,,,,,,,,,,,,,,,,,,,,,,,,,,,,,,,
17.6709297,79.4929309,,Point,way/374404134,landfill,,,center,,,,,,,,,,,,,,,,,,,,,,,,,,,,,,,,
17.6260609,79.4865758,,Point,way/374404138,landfill,,,center,,,,,,,,,,,,,,,,,,,,,,,,,,,,,,,,
17.6714786,79.4925717,,Point,way/374404139,landfill,,,center,,,,,,,,,,,,,,,,,,,,,,,,,,,,,,,,
17.6369453,79.5057071,,Point,way/374404140,landfill,,,center,,,,,,,,,,,,,,,,,,,,,,,,,,,,,,,,
17.6322138,79.5245666,,Point,way/374404141,landfill,,,center,,,,,,,,,,,,,,,,,,,,,,,,,,,,,,,,
17.6695,79.4969852,,Point,way/374404147,landfill,,,center,,,,,,,,,,,,,,,,,,,,,,,,,,,,,,,,
12.910609,74.8910149,,Point,way/378246875,landfill,,,center,,,,,,,,,,,,,,,,,,,,,,,,,,,,,,,,
12.934728,80.1009535,,Point,way/383857988,landfill,Kannadapalayam Dumpyard,,center,,,,,,,,,,,,,,,,,,,,,,,,,,,,,,,,
9.3108456,79.2901631,,Point,way/390036974,landfill,,,center,,,,,,,,,,,,,,,,,,,,,,,,,,,,,,,,
21.3902776,79.3373292,,Point,way/391554078,landfill,,,center,,,,,,,,,,,,,,,,,,,,,,,,,,,,,,,,
22.1136766,76.5567864,,Point,way/394927514,landfill,,,center,,,,,,,,,,,,,,,,,,,,,,,,,,,,,,,,
22.1085256,76.5559464,,Point,way/394927515,landfill,,,center,,,,,,,,,,,,,,,,,,,,,,,,,,,,,,,,
19.1772282,73.045899,,Point,way/395236229,landfill,Diva Dumping Ground,,center,,,,,,,,,,,,,,,,,,,,,,,,,,,,,,,,
19.1769925,73.0440316,,Point,way/395236230,landfill,Diva Dumping Ground,,center,,,,,,,,,,,,,,,,,,,,,,,,,,,,,,,,
18.8911002,72.9357113,,Point,way/395250720,landfill,Uran Dumping Ground,,center,,,,,,,,,,,,,,,,,,,,,,,,,,,,,,,,
26.8352555,94.906471,,Point,way/402849317,landfill,,,center,,,,,,,,,,,,,,,,,,,,,,,,,,,,,,,,
26.8502488,94.9105722,,Point,way/402849321,landfill,,,center,,,,,,,,,,,,,,,,,,,,,,,,,,,,,,,,
26.841217,94.9089226,,Point,way/402849322,landfill,,,center,,,,,,,,,,,,,,,,,,,,,,,,,,,,,,,,
28.5674166,77.3406796,,Point,way/402877175,landfill,,,center,,,,,,,,,,,,,,,,,,,,,,,,,,,,,,,,
11.4194146,76.8556475,,Point,way/404674361,landfill,,,center,,,,,,,,,,,,,,,,,Bing,,,,,,,,,,,,,,,
9.5912992,76.5596914,,Point,way/409736544,landfill,Vadavathoor MSW dumping yard,,center,,,,,,,,,,,,,,,,,,,,,,,,,,,,,,,,
13.3281196,77.37465,,Point,way/412912334,landfill,Terra Firma Landfill,,center,,,,,,,,,Terra Firma Biotechnologies Ltd,,,,,,,,,,,,,,,,,,,,,,,
13.3205858,77.3735895,,Point,way/412912335,landfill,Terra Firma Landfill,,center,,,,,,,,,Terra Firma Biotechnologies Ltd,,,,,,,,,,,,,,,,,,,,,,,
13.3258033,77.3729546,,Point,way/412912336,landfill,Terra Firma Landfill,,center,,,,,,,,,Terra Firma Biotechnologies Ltd,,,,,,,,,,,,,,,,,,,,,,,
12.8355457,77.6270315,,Point,way/412929395,landfill,Bingipura Quarry Pit Landfill,,center,,,,,,,,,,,,,,,,,,Closed for exceeding capacity,,,,,,,,,,,,,,
12.8534839,77.6452532,,Point,way/412929446,landfill,,,center,,,,,,,,,,,,,,,,,,,,,,,,,,,,,,,,
12.8253133,77.5899893,,Point,way/412940000,landfill,Lakshmipura Quarry Pit Landfill,,center,,,,,,,,,,,,,,,,,,"Illegal waste dumping site, now closed",,,,,,,,,,,,,,
28.7409183,77.1575007,,Point,way/414943488,landfill,Bhalswa Landfill Area,,center,,,,,,,,,,,,,,,,,,,खत्ता,,,,,,,,,,,,,
30.2639809,75.1741239,,Point,way/417861062,landfill,,,center,,,,,,,,,,,,,,,,,,,,,,,,,,,,,,,,
30.2639873,75.1748346,,Point,way/417861063,landfill,,,center,,,,,,,,,,,,,,,,,,,,,,,,,,,,,,,,
30.2644303,75.1753805,,Point,way/417861065,landfill,,,center,,,,,,,,,,,,,,,,,,,,,,,,,,,,,,,,
30.2644043,75.1735123,,Point,way/417861066,landfill,,,center,,,,,,,,,,,,,,,,,,,,,,,,,,,,,,,,
30.5592382,76.5687807,,Point,way/428212405,landfill,,,center,,,,,,,,,,,coal,,,,,,,,,coal_pile,,,,,,,,,,,,
30.5603582,76.5688339,,Point,way/428212409,landfill,,,center,,,,,,,,,,,coal,,,,,,,,,coal_pile,,,,,,,,,,,,
30.560925,76.56884,,Point,way/428212411,landfill,,,center,,,,,,,,,,,coal,,,,,,,,,coal_pile,,,,,,,,,,,,
30.5598071,76.5688185,,Point,way/428212412,landfill,,,center,,,,,,,,,,,coal,,,,,,,,,coal_pile,,,,,,,,,,,,
12.9559476,80.0433708,,Point,way/428432226,landfill,,,center,,,,,,,,,,,,,,,,,,,,,,,,,,,,,,,,
13.3306581,76.9411108,,Point,way/429602346,landfill,,,center,,,,,,,,,,,,,,,,,,,,,,,,,,,,,,,,
29.1815149,74.0150086,,Point,way/430953007,landfill,,,center,,,,,,,,,,,,,coal,,,,,,,,,,,,,,,,,,,
29.1883028,74.0152196,,Point,way/430953008,landfill,,,center,,,,,,,,,,,,,coal,,,,,,,,,,,,,,,,,,,
29.1884157,74.0160843,,Point,way/430953010,landfill,,,center,,,,,,,,,,,,,coal,,,,,,,,,,,,,,,,,,,
29.1817445,74.015852,,Point,way/430953011,landfill,,,center,,,,,,,,,,,,,coal,,,,,,,,,,,,,,,,,,,
27.844042,73.2015212,,Point,way/430973830,landfill,,,center,,,,,,,,,,,,,,,,,,,,,,,,,,,,,,,,
27.84385,73.2018372,,Point,way/430973832,landfill,,,center,,,,,,,,,,,,,,,,,,,,,,,,,,,,,,,,
24.6229908,77.0391922,,Point,way/430995984,landfill,,,center,,,,,,,,,,,,,coal,,,,,,,,,,,,,,,,,,,
24.6234497,77.0402449,,Point,way/430995985,landfill,,,center,,,,,,,,,,,,,coal,,,,,,,,,,,,,,,,,,,
24.6229316,77.0396072,,Point,way/430995988,landfill,,,center,,,,,,,,,,,,,coal,,,,,,,,,,,,,,,,,,,
24.6233852,77.0406578,,Point,way/430995990,landfill,,,center,,,,,,,,,,,,,coal,,,,,,,,,,,,,,,,,,,
22.2783622,73.1668418,,Point,way/431733613,landfill,,,center,,,,,,,,,,,,,,,,,,,,,,,,,,,,,,,,
22.2633554,73.1664469,,Point,way/431740230,landfill,,,center,,,,,,,,,,,,,,,,,,,,,,,,,,,,,,,,
10.6312282,76.1465937,,Point,way/432978437,landfill,,,center,,,,,,,,,,,,,,,,,,,,,,,,,,,,,,,,
10.647918,76.1412577,,Point,way/433009390,landfill,,,center,,,,,,,,,,,,,,,,,,,,,XVII/,,,,,,,,,,,
10.6334794,76.160561,,Point,way/433069186,landfill,,,center,,,,,,,,,,,,,,,,,,,,,,,,,,,,,,,,
10.6347208,76.1609377,,Point,way/433069190,landfill,,,center,,,,,,,,,,,,,,,,,,,,,,,,,,,,,,,,
10.6364641,76.1600065,,Point,way/433069721,landfill,,,center,,,,,,,,,,,,,,,,,,,,,,,,,,,,,,,,
10.6372923,76.1616487,,Point,way/433070418,landfill,,,center,,,,,,,,,,,,,,,,,,,,,,,,,,,,,,,,
10.6503319,76.1416591,,Point,way/433111285,landfill,,,center,,,,,,,,,,,,,,,,,,,,,,,,,,,,,,,,
10.6500814,76.1415759,,Point,way/433111419,landfill,,,center,,,,,,,,,,,,,,,,,,,,,,,,,,,,,,,,
10.6483829,76.1397103,,Point,way/433344623,landfill,,,center,,,,,,,,,,,,,,,,,,,,,,,,,,,,,,,,
10.6482389,76.1404643,,Point,way/433344625,landfill,,,center,,,,,,,,,,,,,,,,,,,,,,,,,,,,,,,,
10.6532224,76.141372,,Point,way/433346302,landfill,,,center,,,,,,,,,,,,,,,,,,,,,,,,,,,,,,,,
10.6530527,76.1419327,,Point,way/433346303,landfill,,,center,,,,,,,,,,,,,,,,,,,,,,,,,,,,,,,,
17.5506168,80.3337556,,Point,way/435915072,landfill,,,center,,,,,,,,,,,,,,,,,,,,,,,,,,,,,,,,
21.0514183,75.8434707,,Point,way/439885780,landfill,,,center,,,,,,,,,,,coal,,,,,,,,,,,,,,,,,,,,,
21.0523088,75.8470595,,Point,way/439885801,landfill,,,center,,,,,,,,,,,coal,,,,,,,,,,,,,,,,,,,,,
21.0507762,75.8445074,,Point,way/439885809,landfill,,,center,,,,,,,,,,,coal,,,,,,,,,,,,,,,,,,,,,
8.3430289,77.860091,,Point,way/441770011,landfill,Tisaiyanvillai Garbage yard,,center,,,,,,,,,,,,,,,,,,,,,,,,,,,,,,,,
29.3112199,76.3075325,,Point,way/442154694,landfill,Jind city landfill,,center,,,,,,,,,,,,,,,,,,,,,,,,,,,,,,,,
26.571358,82.5903358,,Point,way/444863283,landfill,NTPC Ash Ground,,center,,,,,,,,,,,,,,,,,,,,,,,,,,,,,,,,
21.1752545,81.4071835,,Point,way/447454130,landfill,,,center,,,,,,,,,,,,,,,,,,,,,,,,,,,,,,,,
23.2988656,77.4353393,,Point,way/449518186,landfill,,,center,,,,,,,,,,,,,,,,,,,,,,,,,,,,,,,,
30.3442347,78.0774259,,Point,way/449520155,landfill,,,center,,,,,,,,,,,,,,,,,,,,,,,,,,,,,,,,
19.8925572,75.3987193,,Point,way/452853983,landfill,Naregaon Municipal Dumping Ground,,center,,,,,,,,,,,,,,,,,,,,,,,,,,,,,,,,
19.8865113,75.3986288,,Point,way/452853987,landfill,,,center,,,,,,,,,,,,,,,,,,,,,,,,,,,,,,,,
21.1930651,81.4109665,,Point,way/453982651,landfill,Slag Dumping,,center,,,,,,,,,,,,,,,,,,,,,,,,,,,,,,,,
11.7880594,77.840363,,Point,way/456753342,landfill,Ash Dumps,,center,,,,,,,,,,,,,,,,,,,,,,,,,,,,,,,,
11.7737604,77.8263002,,Point,way/456753343,landfill,Ash Dumps,,center,,,,,,,,,,,,,,,,,,,,,,,,,,,,,,,,
28.6431418,77.2550299,,Point,way/464283150,landfill,Rajghat Thermal Power Station Flyash Dump,,center,,,,,,,,,,,,,,,,,,,,,,,,,,,,,,,,
18.0203619,79.7260491,,Point,way/465659545,landfill,,,center,,,,,,,,,,,,,,,,,,,,,,,,,,,,,,,,
17.931929,79.7688951,,Point,way/467159971,landfill,,,center,,,,,,,,,,,,,,,,,,,,,,,,,,,,,,,,
28.5826869,77.6222733,,Point,way/478811346,landfill,Flyash Dump,,center,,,,,,,,,,,,,,,,,,,,,,,,,,,,,,,,
12.272431,76.649838,,Point,way/479665069,landfill,,,center,,,,,,,,,,,,,,,,,,,,,,,,,,,,,,,,
12.2693945,76.6550821,,Point,way/479665070,landfill,Landfill Site,,center,,,,,,,,,,,,,,,,,,,,,,,,,,,,,,,,
25.2575646,82.9946188,,Point,way/481474404,landfill,,,center,,,,,,,,,,,,,,,,,,,,,,,,,,,,,,,,
23.1564487,72.7998766,,Point,way/482144627,landfill,,,center,,,,,,,,,,,,,,,,,,,,,,,,,,,,,,,,
19.6969083,79.2039104,,Point,way/485514295,landfill,,,center,,,,,,,,,,,,,,,,,,,,,,,,,,,,,,,,
17.3418397,79.9321506,,Point,way/487398482,landfill,,,center,,,,,,,,,,,,,,,,,,,,,,,,,,,,,,,,
17.3420177,79.9279926,,Point,way/487398485,landfill,,,center,,,,,,,,,,,,,,,,,,,,,,,,,,,,,,,,
17.3362954,79.9197805,,Point,way/487398486,landfill,,,center,,,,,,,,,,,,,,,,,,,,,,,,,,,,,,,,
25.9165123,86.785808,,Point,way/489404277,landfill,Unofficial garbage dump,,center,,,,,,,,,,,,,,,,,,,,,,,,,,,,,,,,
18.3395163,79.382611,,Point,way/492721403,landfill,,,center,,,,,,,,,,,,,,,,,,,,,,,,,,,,,,,,
26.4464163,80.2296191,,Point,way/506689493,landfill,Municipal Landfill,,center,,,,,,,,,,,,,,,,,,,,,,,,,,,,,,,,
26.4490866,80.2337068,,Point,way/506689494,landfill,Municipal Landfill,,center,,,,,,,,,,,,,,,,,,,,,,,,,,,,,,,,
16.8446296,80.061211,,Point,way/527502793,landfill,,,center,,,,,,,,,,,,,,,,,,,,,,,,,,,,,,,,
19.1473701,72.8170315,,Point,way/533717900,landfill,,,center,,,,,,,,,,,,,,,,,,,,,,,,,,,,,,,,
31.2154576,75.1812963,,Point,way/549860043,landfill,Bein Uphill,,center,,,,,,,,,,,,,,,,,,,,,,,,,,,,,,,,
30.0050429,76.5298552,,Point,way/551052319,landfill,,,center,,,,,,,,,,,,,,,,,,,,,,,,,,,,,,,,
18.381021,79.8274245,,Point,way/551244988,landfill,,,center,,,,,,,,,,,coal,,,,,,,,,,,,,,,,,,,,,
18.3806131,79.8274333,,Point,way/551244989,landfill,,,center,,,,,,,,,,,coal,,,,,,,,,,,,,,,,,,,,,
18.2902282,79.9765568,,Point,way/551245021,landfill,,,center,,,,,,,,,,,,,,,,,,,,,,,,,,,,,,,,
11.3498816,76.7742714,,Point,way/551667817,landfill,Ottupatrai Dumping Ground,,center,,,,,,,,,,,,,,,,,,,,,,,,,,,,,,,,
12.9618423,77.6610903,,Point,way/553065502,landfill,,,center,,,,,,,,,,,,,,,,,,,,,,,,,,,,,,,,
15.9175774,74.5291686,,Point,way/555353889,landfill,,,center,,,,,,,,,,,,,,,,,,,,,,,,,,,,,,,,
17.8605387,80.8500481,,Point,way/566340954,landfill,,,center,,,,,,,,,,,,,,,,,,,,,,,,,,,,,,,,
32.2167519,76.3148385,,Point,way/596505749,landfill,Municipal Landfill,,center,,,,,,,,,,,,,,,,,,,,,,,,,,,,,,,,
28.5118666,77.2837331,,Point,way/608169272,landfill,Okhla Landfill,,center,,,,,Q28169805,en:Okhla landfill,,,,,,,,,,,,,,,,,,,,,,,,,,
12.9817189,79.9311149,,Point,way/608623096,landfill,,,center,,,,,,,,,,,,,,,,,,,,,,,,,,,,,,,,
9.7379835,76.322706,,Point,way/620052248,landfill,Free land,,center,,,,,,,,,,,,,,,,,,,,,,,,,,,,,,,,
10.5798437,76.194996,,Point,way/625734688,landfill,,,center,,,,,,,,,,,,,,,,,,,,,,,,,,,,,,,,
19.1812121,72.9534273,,Point,way/627628781,landfill,Dumping Ground,,center,,,,,,,,,,,,,,,,,,,,,,,,,,,,,,,,
22.098076,82.2877263,,Point,way/649092824,landfill,Flyash Pond,,center,,,,,,,,,,,,,,,,,,,,,,,,,,,,,,,,
8.8266393,78.0807781,,Point,way/657801519,landfill,,,center,,,,,,,,,,,,,,,,,,,,,,,,,,,,,,,,
17.5256899,75.9873247,,Point,way/657874756,landfill,,,center,,,,,,,,,,,,,,,,,,,,,,,,,,,,,,,,
17.5129624,75.9862517,,Point,way/657874758,landfill,,,center,,,,,,,,,,,,,,,,,,,,,,,,,,,,,,,,
22.8692355,73.3724498,,Point,way/659856600,landfill,,,center,,,,,,,,,,,,,,,,,,,,,,,,,,,,,,,,
23.3238731,81.058073,,Point,way/665910825,landfill,,,center,,,,,,,,,,,,,,,,,,,,,,,,,,,,,,,,
20.4810647,80.9949553,,Point,way/668132054,landfill,,,center,,,,,,,,,,,,,,,,,,,,,,,,,,,,,,,,
20.5844006,81.0285151,,Point,way/668132073,landfill,,,center,,,,,,,,,,,,,,,,,,,,,,,,,,,,,,,,
28.057315,75.7984436,,Point,way/673127925,landfill,Khetri Mine Tailing Resrvoir,,center,,,,,,,,,,,,,,,,,,,,,,,,,,,,,,,,
17.6884231,82.9905298,,Point,way/680557880,landfill,,,center,,,,,,,,,,,,,,,,,,,,,,,,,,,,,,,,
34.1237467,74.786194,,Point,way/693099677,landfill,Municipal Landfill,,center,,,,,,,,,,,,,,,,,,,,,,Achan Garbage Dumping ground,,,,,,,,,,
14.3448704,80.1519584,,Point,way/703209421,landfill,Flyash Pond,,center,,,,,,,,,,,,,,,,,,,,,,,,,,,,,,,,
14.3585698,80.1589107,,Point,way/703209422,landfill,Flyash Pond,,center,,,,,,,,,,,,,,,,,,,,,,,,,,,,,,,,
10.3758025,79.8570255,,Point,way/705075858,landfill,,,center,,,,,,,,,,,,,,,,,,,,,,,,,,,,,,,,
17.8231235,83.2064668,,Point,way/733463621,landfill,,,center,,,,,,,,,,,,,,,,,,,,,,,,,,,,,,,,
17.8229846,83.2059248,,Point,way/733463628,landfill,,,center,,,,,,,,,,,,,,,,,,,,,,,,,,,,,,,,
10.3264364,76.201243,,Point,way/743547329,landfill,ozhy paramb,,center,,,,,,,,,,,,,,,,,,,,,,,,,,,,,,,,
21.8573564,85.1300686,,Point,way/746273428,landfill,Tailings Dump,,center,,,,,,,,,,,,,,,,,,,,,,,,,,,,,,,,
19.7968014,85.8107972,,Point,way/746288615,landfill,,,center,,,,,,,,,,,,,,,,,,,,,,,,,,,,,,,,
8.4920417,76.9240179,,Point,way/762182998,landfill,plot,,center,,,,,,,,,,,,,,,,,,,,,,,,,,,,,,,,
8.5398635,76.9071781,,Point,way/762831103,landfill,,,center,,,,,,,,,,,,,,,,,,,,,,,,,,,,,,,,
8.5395678,76.9071941,,Point,way/762831211,landfill,,,center,,,,,,,,,,,,,,,,,,,,,,,,,,,,,,,,
8.5395976,76.9082926,,Point,way/762831458,landfill,,,center,,,,,,,,,,,,,,,,,,,,,,,,,,,,,,,,
8.539011,76.909045,,Point,way/762835061,landfill,,,center,,,,,,,,,,,,,,,,,,,,,,,,,,,,,,,,
8.3437255,77.0380932,,Point,way/762835755,landfill,,,center,,,,,,,,,,,,,,,,,,,,,,,,,,,,,,,,
8.539113,76.9095332,,Point,way/762836342,landfill,,,center,,,,,,,,,,,,,,,,,,,,,,,,,,,,,,,,
8.568218,77.0248538,,Point,way/762841155,landfill,,,center,,,,,,,,,,,,,,,,,,,,,,,,,,,,,,,,
8.5154177,76.9360592,,Point,way/763017455,landfill,,,center,,,,,,,,,,,,,,,,,,,,,,,,,,,,,,,,
8.5152191,76.9365313,,Point,way/763017749,landfill,,,center,,,,,,,,,,,,,,,,,,,,,,,,,,,,,,,,
8.5142567,76.9314607,,Point,way/763034993,landfill,,,center,,,,,,,,,,,,,,,,,,,,,,,,,,,,,,,,
8.5142026,76.9317002,,Point,way/763035740,landfill,,,center,,,,,,,,,,,,,,,,,,,,,,,,,,,,,,,,
8.515767,76.9301794,,Point,way/763036861,landfill,,,center,,,,,,,,,,,,,,,,,,,,,,,,,,,,,,,,
8.5183284,76.9311498,,Point,way/763040970,landfill,,,center,,,,,,,,,,,,,,,,,,,,,,,,,,,,,,,,
15.2315691,74.1273707,,Point,way/782840224,landfill,,,center,,,,,,,,,,,,,,,,,,,,,,,,,,,,,,,,
10.0305589,76.4203132,,Point,way/799035283,landfill,,,center,,,,,,,,,,,,,,,,,,,,,,,,,,,,,,,,
9.9139957,76.6899272,,Point,way/799067974,landfill,,,center,,,,,,,,,,,,,,,,,,,,,,,,,,,,,,,,
10.0059811,76.4550429,,Point,way/799404112,landfill,,,center,,,,,,,,,,,,,,,,,,,,,,,,,,,,,,,,
10.0069845,76.4528731,,Point,way/799404115,landfill,,,center,,,,,,,,,,,,,,,,,,,,,,,,,,,,,,,,
9.9736968,76.4542049,,Point,way/799767518,landfill,,,center,,,,,,,,,,,,,,,,,,,,,,,,,,,,,,,,
9.9552487,76.4675825,,Point,way/799775871,landfill,,,center,,,,,,,,,,,,,,,,,,,,,,,,,,,,,,,,
9.5615593,76.681806,,Point,way/799792256,landfill,Cemetery,,center,,,,,,,,,,,,,,,,,,,,,,,,,,,,,,,,
10.0222164,76.4178984,,Point,way/799859604,landfill,,,center,,,,,,,,,,,,,,,,,,,,,,,,,,,,,,,,
10.0080114,76.4094292,,Point,way/799859605,landfill,,,center,,,,,,,,,,,,,,,,,,,,,,,,,,,,,,,,
10.0143329,76.4760185,,Point,way/800038899,landfill,,,center,,,,,,,,,,,,,,,,,,,,,,,,,,,,,,,,
11.2036015,75.8167079,,Point,way/800282264,landfill,Njeliyanparambu Garbage Dump,,center,,,,,,,waste_transfer_station,,Kozhikode Muncipal Corporation,,,,,,,,,,,,,,government,,,,,,,,,
9.9351192,76.4021908,,Point,way/800467624,landfill,,,center,,,,,,,,,,,,,,,,,,,,,,,,,,,,,,,,
11.4163617,75.9368826,,Point,way/800644883,landfill,,,center,,,,,,,,,,,,,,,,,,,,,,,,,,,,,,,,
10.5835689,76.1949762,,Point,way/801786422,landfill,,,center,,,,,,,,,,,,,,,,,,,,,,,,,,,,,,,,
9.4681189,76.5395833,,Point,way/801847407,landfill,,,center,,,,,,,,,,,,,,,,,,,,,,,,,,,,,,,,
12.5128452,75.0946626,,Point,way/803206963,landfill,,,center,,,,,,,,,,,,,,,,,,,,,,,,,,,,,,,,
12.5923254,75.0807466,,Point,way/803219907,landfill,,,center,,,,,,,,,,,,,,,,,,,,,,,,,,,,,,,,
10.0228089,76.4607545,,Point,way/803230424,landfill,,,center,,,,,,,,,,,,,,,,,,,,,,,,,,,,,,,,
10.002392,76.4094339,,Point,way/803529233,landfill,,,center,,,,,,,,,,,,,,,,,,,,,,,,,,,,,,,,
11.3010218,75.8057226,,Point,way/803572210,landfill,,,center,,,,,,,,,,,,,,,,,,,,,,,,,,,,,,,,
11.3001315,75.8043034,,Point,way/803572212,landfill,,,center,,,,,,,,,,,,,,,,,,,,,,,,,,,,,,,,
10.055999,76.4373554,,Point,way/803772573,landfill,,,center,,,,,,,,,,,,,,,,,,,,,,,,,,,,,,,,
10.0501137,76.460122,,Point,way/803786184,landfill,,,center,,,,,,,,,,,,,,,,,,,,,,,,,,,,,,,,
10.0096353,76.3755903,,Point,way/804807145,landfill,,,center,,,,,,,,,,,,,,,,,,,,,,,,,,,,,,,,
21.911862,88.1753892,,Point,way/808601918,landfill,,,center,,,,,,,,,,,,,,,,,,,,,,,,,,,,,,,,
25.3412028,80.6091779,,Point,way/809115034,landfill,,,center,,,,,,,,,,,,,,,,,,,,,,,,,,,,,,,,
25.343493,80.6112132,,Point,way/809120765,landfill,,,center,,,,,,,,,,,,,,,,,,,,,,,,,,,,,,,,
25.343209,80.6111352,,Point,way/809120766,landfill,,,center,,,,,,,,,,,,,,,,,,,,,,,,,,,,,,,,
8.5666061,77.1019988,,Point,way/817765439,landfill,,,center,,,,,,,,,,,,,,,,,,,,,,,,,,,,,,,,
22.1019131,78.1558799,,Point,way/821735579,landfill,Ash Dump,,center,,,,,,,,,,,,,,,,,,,,,,,,,,,,,,,,
21.1809852,79.4139443,,Point,way/821886137,landfill,Flyash Dump,,center,,,,,,,,,,,,,,,,,,,,,,,,,,,,,,,,
20.0768674,79.0403438,,Point,way/822829412,landfill,,,center,,,,,,,,,,,,,,,,,Maxar,,,,,,,,,,,,,,,
20.0948183,79.0277641,,Point,way/822829416,landfill,,,center,,,,,,,,,,,,,,,,,Maxar,,,,,,,,,,,,,,,
23.6629335,86.4360229,,Point,way/825700066,landfill,,,center,,,,,,,,,,,,,,,,,,,,,,,,,,,,,,,,
24.7664288,87.8893925,,Point,way/827433583,landfill,Ash pond,,center,,,,,,,,,,,,,,,,,,,,,,,,,,,,,,,,
24.6862699,87.9075015,,Point,way/827433584,landfill,,,center,,,,,,,,,,,,,,,,,,,,,,,,,,,,,,,,
24.69825,87.9070723,,Point,way/827433585,landfill,,,center,,,,,,,,,,,,,,,,,,,,,,,,,,,,,,,,
21.7290251,83.4694433,,Point,way/827775044,landfill,Flyash Dump,,center,,,,,,,,,,,,,,,,,,,,,,,,,,,,,,,,
21.7686667,83.45806,,Point,way/827775045,landfill,,,center,,,,,,,,,,,,,,,,,,,,,,,,,,,,,,,,
21.8769915,83.5366327,,Point,way/827775050,landfill,,,center,,,,,,,,,,,,,,,,,,,,,,,,,,,,,,,,
22.126454,83.456397,,Point,way/827775062,landfill,,,center,,,,,,,,,,,,,,,,,,,,,,,,,,,,,,,,
19.9709689,73.9033663,,Point,way/828232464,landfill,,,center,,,,,,,,,,,,,,,,,,,,,,,,,,,,,,,,
17.5750727,80.3174829,,Point,way/828916749,landfill,,,center,,,,,,,,,,,,,,,,,,,,,,,,,,,,,,,,
22.6898979,78.1937339,,Point,way/836383038,landfill,,,center,,,,,,,,,,,,,,,,,,,,,,,,,,,,,,,,
23.2031105,69.7393441,,Point,way/839105247,landfill,,,center,,,,,,,,,,,,,,,,,,,,,,,,,,,,,,,,
13.4172715,80.1085871,,Point,way/840726361,landfill,,,center,,,,,,,,,,,,,,,,,,,,,,,,,,,,,,,,
30.6092982,76.9242686,,Point,way/840942522,landfill,,,center,,,,,,,,,,,,,,,,,,,,,,,,,,,,,,,,
17.4597639,78.3732355,,Point,way/846897833,landfill,,,center,,,,,,,waste_disposal,,,,,,,,,,,,,,,,,,,,,,,,,
17.5129804,78.3984502,,Point,way/847483976,landfill,Pragathi Nagar Dumpyard,,center,,,,,,,waste_disposal,,,,,,,,,,,,,,,,,,,,,,,,,
13.2277062,77.2552366,,Point,way/852910478,landfill,,,center,,,,,,,,,,,,,,,,,,,,,,,,,,,,,,,,
11.0046995,76.0135468,,Point,way/892185545,landfill,FIELD,,center,,,,,,,,,,,,,,,,,,,,,,,,,,,,,,,,
11.0040808,76.0135897,,Point,way/892185758,landfill,FIELD,,center,,,,,,,,,,,,,,,,,,,,,,,,,,,,,,,,
9.2778966,76.6651354,,Point,way/900449701,landfill,,,center,,,,,,,,,,,,,,,,,,,,,,,,,,,,,,,,
9.2767066,76.6666614,,Point,way/900449717,landfill,,,center,,,,,,,,,,,,,,,,,,,,,,,,,,,,,,,,
9.2751342,76.6650949,,Point,way/900462326,landfill,,,center,,,,,,,,,,,,,,,,,,,,,,,,,,,,,,,,
9.2778002,76.6692197,,Point,way/900462336,landfill,,,center,,,,,,,,,,,,,,,,,,,,,,,,,,,,,,,,
9.2799316,76.6680657,,Point,way/900462342,landfill,,,center,,,,,,,,,,,,,,,,,,,,,,,,,,,,,,,,
9.274285,76.6665431,,Point,way/900462345,landfill,,,center,,,,,,,,,,,,,,,,,,,,,,,,,,,,,,,,
9.2809474,76.662849,,Point,way/900462351,landfill,,,center,,,,,,,,,,,,,,,,,,,,,,,,,,,,,,,,
9.2720337,76.666624,,Point,way/900469227,landfill,,,center,,,,,,,,,,,,,,,,,,,,,,,,,,,,,,,,
9.2706296,76.6642921,,Point,way/900469233,landfill,,,center,,,,,,,,,,,,,,,,,,,,,,,,,,,,,,,,
9.2570021,76.6525082,,Point,way/900478686,landfill,,,center,,,,,,,,,,,,,,,,,,,,,,,,,,,,,,,,
9.2557356,76.6478296,,Point,way/900478687,landfill,,,center,,,,,,,,,,,,,,,,,,,,,,,,,,,,,,,,
9.2551016,76.6458336,,Point,way/900478695,landfill,,,center,,,,,,,,,,,,,,,,,,,,,,,,,,,,,,,,
9.2582151,76.6582576,,Point,way/900478701,landfill,,,center,,,,,,,,,,,,,,,,,,,,,,,,,,,,,,,,
9.255057,76.6517783,,Point,way/900478715,landfill,,,center,,,,,,,,,,,,,,,,,,,,,,,,,,,,,,,,
9.2572327,76.6487314,,Point,way/900478718,landfill,,,center,,,,,,,,,,,,,,,,,,,,,,,,,,,,,,,,
9.2786826,76.6606594,,Point,way/900483131,landfill,,,center,,,,,,,,,,,,,,,,,,,,,,,,,,,,,,,,
9.2850999,76.651766,,Point,way/900484733,landfill,,,center,,,,,,,,,,,,,,,,,,,,,,,,,,,,,,,,
21.7029656,83.5582218,,Point,way/901739178,landfill,,,center,,,,,,,,,,,,,,,yes,,MaxarPremium,,,,,,,,,,,,,,,
21.7069878,83.5604426,,Point,way/901739179,landfill,,,center,,,,,,,,,,,,,,,,,MaxarPremium,,,,,,,,,,,,,,,
21.6776689,83.5520848,,Point,way/901739180,landfill,,,center,,,,,,,,,,,,,,,yes,,MaxarPremium,,,,,,,,,,,,,,,
21.6825888,83.5504461,,Point,way/901739181,landfill,,,center,,,,,,,,,,,,,,,yes,,MaxarPremium,,,,,,,,,,,,,,,
21.6831523,83.5532356,,Point,way/901739182,landfill,,,center,,,,,,,,,,,,,,,,,MaxarPremium,,,,,,,,,,,,,,,
21.6944005,83.5525871,,Point,way/901787438,landfill,,,center,,,,,,,,,,,,,,,yes,,MaxarPremium,,,,,,,,,,,,,,,
21.6890071,83.5515484,,Point,way/901787439,landfill,,,center,,,,,,,,,,,,,,,yes,,MaxarPremium,,,,,,,,,,,,,,,
21.6735767,83.5513218,,Point,way/902079843,landfill,,,center,,,,,,,,,,,,,,,yes,,MaxarPremium,,,,,,,,,,,,,,,
8.7633545,77.6792192,,Point,way/906496376,landfill,,,center,,,,,,,,,,,,,,,,,,,,,,,,,,,,,,,,
20.9220429,70.3542633,,Point,way/910694971,landfill,,,center,,,,,,,,,,,,,,,,,,,,,,,,,,,,,,,,
20.9236062,70.3537873,,Point,way/910694972,landfill,,,center,,,,,,,,,,,,,,,,,,,,,,,,,,,,,,,,
30.7569267,76.7402738,,Point,way/920244696,landfill,,,center,,,,,,,,,,,,,,,,,,,,,,,,,,,,,,,,
9.560466,76.5148383,,Point,way/922586349,landfill,,,center,,,,,,,,,,,,,,,,,,,,,,,,,,,,,,,,
9.5579629,76.5157337,,Point,way/922586350,landfill,,,center,,,,,,,,,,,,,,,,,,,,,,,,,,,,,,,,
9.5558071,76.5151811,,Point,way/922586351,landfill,,,center,,,,,,,,,,,,,,,,,,,,,,,,,,,,,,,,
9.4421648,76.4459761,,Point,way/922691104,landfill,,,center,,,,,,,,,,,,,,,,,,,,,,,,,,,,,,,,
9.4697076,76.343362,,Point,way/922790080,landfill,,,center,,,,,,,,,,,,,,,,,,,,,,,,,,,,,,,,
9.4654593,76.3341294,,Point,way/922790085,landfill,,,center,,,,,,,,,,,,,,,,,,,,,,,,,,,,,,,,
19.2225087,83.0219113,,Point,way/942424637,landfill,,,center,,,,,,,,,,,,,,,,,,,,,,,,,,,,,,,,
19.2185223,83.0255538,,Point,way/942424638,landfill,,,center,,,,,,,,,,,,,,,,,,,,,,,,,,,,,,,,
19.219971,83.0300921,,Point,way/942424639,landfill,,,center,,,,,,,,,,,,,,,,,,,,,,,,,,,,,,,,
19.2244032,83.0280698,,Point,way/942424640,landfill,,,center,,,,,,,,,,,,,,,,,,,,,,,,,,,,,,,,
21.1208538,85.0107318,,Point,way/942425667,landfill,,,center,,,,,,,,,,,,,,,,,,,,,,,,,,,,,,,,
21.9206974,85.2205288,,Point,way/942642421,landfill,,,center,,,,,,,,,,,,,,,,,,,,,,,,,,,,,,,,
9.271464,76.6651313,,Point,way/956340898,landfill,,,center,,,,,,,,,,,,,,,,,,,,,,,,,,,,,,,,
21.1839178,81.366688,,Point,way/963745431,landfill,,,center,,,,,,,,,,,,,,,,,MaxarPremium;Esri,,,,,,,,,,,,,,,
21.1825098,81.3654107,,Point,way/963745432,landfill,,,center,,,,,,,,,,,,,,,,,MaxarPremium;Esri,,,,,,,,,,,,,,,
21.9609472,83.3114343,,Point,way/963759788,landfill,,,center,,,,,,,,,,,,,,,,,,,,,,,,,,,,,,,,
21.8535849,82.4225342,,Point,way/963759794,landfill,,,center,,,,,,,,,,,,,,,,,,,,,,,,,,,,,,,,
26.2038416,85.3136343,,Point,way/965980440,landfill,,,center,,,,,,,,,,,,,,,,,,,,,,,,,,,,,,,,
26.2079403,85.3000152,,Point,way/965980441,landfill,,,center,,,,,,,,,,,,,,,,,,,,,,,,,,,,,,,,
22.4577567,82.6696622,,Point,way/966220647,landfill,,,center,,,,,,,,,,,,,,,,,,,,,,,,,,,,,,,,
22.4496408,82.6205135,,Point,way/966220648,landfill,,,center,,,,,,,,,,,,,,,,,,,,,,,,,,,,,,,,
22.4754937,82.6584505,,Point,way/966220649,landfill,,,center,,,,,,,,,,,,,,,,,,,,,,,,,,,,,,,,
22.4924251,82.6399326,,Point,way/966220650,landfill,,,center,,,,,,,,,,,,,,,,,,,,,,,,,,,,,,,,
22.2339747,83.4576201,,Point,way/966633412,landfill,,,center,,,,,,,,,,,,,,,,,,,,,,,,,,,,,,,,
21.8033623,84.0481674,,Point,way/967067108,landfill,,,center,,,,,,,,,,,,,,,,,,,,,,,,,,,,,,,,
21.7609096,83.8546944,,Point,way/968282851,landfill,,,center,"MaxarPremium, retreived 07/2021",,,,,,,,,,,,,,,,MaxarPremium,,,,,,,,,,,,,,,
21.7675124,83.8357204,,Point,way/968282856,landfill,,,center,"MaxarPremium, retreived 07/2021",,,,,,,,,,,,,,,,MaxarPremium,,,,,,,,,,,,,,,
21.8182477,83.9045298,,Point,way/969524460,landfill,,,center,"MaxarPremium, retreived 07/2021",,,,,,,,,,,,,,,,MaxarPremium,,,,,,,,,,,,,,,
21.7936796,83.8970491,,Point,way/969584040,landfill,,,center,"MaxarPremium, retreived 08/2021",,,,,,,,,,,,,,,,MaxarPremium,,,,,,,,,,,,,,,
22.3344835,82.6852807,,Point,way/969882287,landfill,,,center,"MaxarPremium, retreived 08/2021",,,,,,,,,,,,,,,,MaxarPremium,,,,,,,wood,,,,,,,,
19.0986273,73.1126671,,Point,way/972067903,landfill,,,center,,,,,,,,,,,,,,,,,,,,,,,,,,,,,,,,
28.9264756,77.7323418,,Point,way/973160756,landfill,,,center,,,,,,,,,,,,,,,,,,,,,,,,,,,,,,,,
23.5432894,87.3596737,,Point,way/974481187,landfill,,,center,,,,,,,,,,,,,,,,,,,,,,,,,,,,,,,,
24.5946096,92.3031865,,Point,way/974536639,landfill,,,center,,,,,,,,,,,,,,,,,,,,,,,,,,,,,,,,
24.5947891,92.303477,,Point,way/974536984,landfill,,,center,,,,,,,,,,,,,,,,,,,,,,,,,,,,,,,,
24.5945343,92.3036738,,Point,way/974537005,landfill,,,center,,,,,,,,,,,,,,,,,,,,,,,,,,,,,,,,
24.5947434,92.3037615,,Point,way/974537091,landfill,,,center,,,,,,,,,,,,,,,,,,,,,,,,,,,,,,,,
24.5944916,92.3038992,,Point,way/974537262,landfill,,,center,,,,,,,,,,,,,,,,,,,,,,,,,,,,,,,,
24.5946945,92.3040467,,Point,way/974537320,landfill,,,center,,,,,,,,,,,,,,,,,,,,,,,,,,,,,,,,
24.5943268,92.3038074,,Point,way/974571981,landfill,,,center,,,,,,,,,,,,,,,,,,,,,,,,,,,,,,,,
24.5943677,92.3035952,,Point,way/974572237,landfill,,,center,,,,,,,,,,,,,,,,,,,,,,,,,,,,,,,,
24.5943617,92.3034186,,Point,way/974572321,landfill,,,center,,,,,,,,,,,,,,,,,,,,,,,,,,,,,,,,
24.5944587,92.3031552,,Point,way/974572555,landfill,,,center,,,,,,,,,,,,,,,,,,,,,,,,,,,,,,,,
24.594182,92.3036073,,Point,way/974572792,landfill,,,center,,,,,,,,,,,,,,,,,,,,,,,,,,,,,,,,
24.594219,92.3033621,,Point,way/974573150,landfill,,,center,,,,,,,,,,,,,,,,,,,,,,,,,,,,,,,,
24.5942387,92.3031963,,Point,way/974573260,landfill,,,center,,,,,,,,,,,,,,,,,,,,,,,,,,,,,,,,
24.5942679,92.3029925,,Point,way/974573573,landfill,,,center,,,,,,,,,,,,,,,,,,,,,,,,,,,,,,,,
24.5953647,92.3035902,,Point,way/974583716,landfill,,,center,,,,,,,,,,,,,,,,,,,,,,,,,,,,,,,,
24.5953322,92.303765,,Point,way/974583967,landfill,,,center,,,,,,,,,,,,,,,,,,,,,,,,,,,,,,,,
22.939202,88.6394313,,Point,way/976685904,landfill,Plot for Housing,,center,,,,,,,,,,,,,,,,,,,,,,,,,,,,,,,,
22.4125757,82.7372646,,Point,way/985527124,landfill,,,center,,,,,,,,,,,,,,,,,,,,,,,,,,,,,,,,
22.2121619,85.3646941,,Point,way/991639718,landfill,,,center,,,,,,,,,,,,,,,,,MaxarPremium;Esri,,,,,,,,,,,,,,,
25.1407441,73.458074,,Point,way/992274152,landfill,,,center,,,,,,,,,,,,,,,,,,,,,,,,,,,,,,,,
22.4150677,85.7325062,,Point,way/995009782,landfill,,,center,,,,,,,,,,,,,,,,,Esri World Imagery,,,,,,,,,,,,,,,
30.1922797,74.9379855,,Point,way/995014416,landfill,,,center,,,,,,,,,,,,,,,,,,,,,,,,,,,,,,,,
30.1823983,74.9536738,,Point,way/995275339,landfill,,,center,,,,,,,,,,,,,,,,,,,,,,,,,,,,,,,,
9.3448168,78.861604,,Point,way/999706376,landfill,,,center,,,,,,,,,,,,,,,,,,,,,,,,,,,,,,,,
23.2905196,69.1018205,,Point,way/1002028494,landfill,,,center,,,,,,,,,,,,,,,,,,,,,,,,,,,,,,,,
22.9422327,88.6374921,,Point,way/1010494815,landfill,,,center,,,,,,,,,,,,,,,,,,,,,,,,,,,,,,,,
24.0841617,88.262848,,Point,way/1014545680,landfill,,,center,,,,,,,,,,,,,,,,,,,,,,,,,,,,,,,,
24.2201874,86.2405138,,Point,way/1016624838,landfill,,,center,,,,,,,,,,,,,,,,,Esri World Imagery,,,,,,,,,,,,,,,
13.180575,80.2831797,,Point,way/1017185167,landfill,,,center,,,,,,,,,,,,,,,,,,,,,,,,,,,,,,,,
13.7020107,80.0116799,,Point,way/1017202558,landfill,,,center,,,,,,,,,,,,,,,,,,,,,,,,,,,,,,,,
22.9626486,88.395988,,Point,way/1026261230,landfill,,,center,,,,,,,,,,,,,,,,,,,,,,,,,,,,,,,,
26.7465182,88.451263,,Point,way/1040250459,landfill,,,center,,,,,,,,,,,,,,,,,,,,,,,,,,,,,,,,
22.734457,86.179684,,Point,way/1042436639,landfill,,,center,,,,,,,,,,uranium,,,,,,,Esri World Imagery,,,spoil_heap,,,,,contamination,,,,,,,
22.7306745,86.1793649,,Point,way/1042436640,landfill,,,center,,,,,,,,,,,,,,,,,Esri World Imagery,,,,,,,,contamination,,,,,,,
22.7328912,86.170688,,Point,way/1042436641,landfill,,,center,,,,,,,,,,,,,,,,,Esri World Imagery,,,,,,,,contamination,landfill,,,,,,
22.7299497,86.1717019,,Point,way/1042436642,landfill,,,center,,,,,,,,,,uranium,,,,,,,Esri World Imagery,,,spoil_heap,,,,,contamination,,,,,,,
22.7419639,86.1730268,,Point,way/1042436643,landfill,,,center,,,,,,,,,,,,,,,,,Esri World Imagery,,,,,,,,contamination,,,,,,,
20.9331388,78.9356035,,Point,way/1046050721,landfill,Flyash dump,,center,,,,,,,,,,,,,,,,,,,,,,,,,,,,,,,,
20.4387444,78.111885,,Point,way/1046273345,landfill,,,center,,,,,,,,,,,,,,,,,,,,,,,,,,,,,,,,
21.9727803,85.2083837,,Point,way/1047736110,landfill,,,center,,,,,,,,,,,,,,,yes,,Esri World Imagery,,,,,,,,,,,,,,,
11.4159649,75.9644509,,Point,way/1064628471,landfill,Poovara estate trenching ground,,center,,,,,,,,,Thamarassery Grama Panchayat,,,,,,,,,,,,,,,,,,,,,,,
18.3154854,79.0876095,,Point,way/1072181340,landfill,,,center,,,,,,,,,,,,,,,,,,,,,,,,,,,,,,,,
13.2373748,79.089616,,Point,way/1072611772,landfill,Chittoor Municipal Corporation Landfill,,center,,,,,,,,,,,,,,,,,,,,,,,,,,,,,,,,
16.7029395,74.4814923,,Point,way/1078273625,landfill,,,center,,,,,,,,,,,,,,,,,,,,,,,,,,,,,,,,
16.7248932,74.2495885,,Point,way/1078344248,landfill,,,center,,,,,,,,,,,,,,,,,,,,,,,,,,,,,,,,
10.8810153,79.1107505,,Point,way/1078863153,landfill,,,center,,,,,,,,,,,,,,,,,,,,,,,,,,,,,,,,
17.5690431,76.5813347,,Point,way/1079850386,landfill,,,center,,,,,,,,,,,,,,,,,,,,,,,,,,,,,,,,
8.1800255,77.2486455,,Point,way/1081582102,landfill,,,center,,,,,,,,,,,,,,,,,,,,,,,,,,,,,,,,
30.9319548,75.9061235,,Point,way/1088522983,landfill,,,center,,,,,,,,,,,,,,,,,,,,,,,,,,,,,,,,
30.9273002,75.9080815,,Point,way/1088522984,landfill,,,center,,,,,,,,,,,,,,,,,,,,,,,,,,,,,,,,
22.0969629,76.554569,,Point,way/1090551249,landfill,,,center,,,,,,,,,,,,,,,,,,,,,,,,,,,,,,,,
25.922734,93.747541,,Point,way/1090653941,landfill,,,center,,,,,,,,,,,,,,,,,,,,,,,,,,,,,,,,
25.1975271,87.6634286,,Point,way/1093674709,landfill,,,center,,,,,,,,,,,,,,,,,Esri World Imagery,,,,,,,,,,,,,,,
25.2165045,87.5723409,,Point,way/1093674790,landfill,,,center,,,,,,,,,,,,,,,,,Esri World Imagery,,,,,,,,,,,,,,,
25.1952723,87.6630449,,Point,way/1093674959,landfill,,,center,,,,,,,,,,,,,,,,,Esri World Imagery,,,,,,,,,,,,,,,
21.9586151,82.4034793,,Point,way/1096392408,landfill,Coal Ash Pond,,center,,,,,,,,,,,,,,,,,,,,,,,,,,,,,,,,
25.6207066,85.1076844,,Point,way/1102803875,landfill,,,center,,,,,,,,,,,,,,,,,,,,,,,,,,,,,,,,
17.9528361,79.4535112,,Point,way/1103715945,landfill,,,center,,,,,,,,,,,,,,,,,,,,,,,,,,,,,,,,
17.2362249,80.7944177,,Point,way/1104079952,landfill,,,center,,,,,,,,,,,,,,,,,,,,,,,,,,,,,,,,
17.2352412,80.7863438,,Point,way/1104079953,landfill,,,center,,,,,,,,,,,,,,,,,,,,,,,,,,,,,,,,
16.7310299,82.2000584,,Point,way/1104985182,landfill,,,center,,,,,,,,,,,,,,,,,,,,,,,,,,,,,,,,
17.6667489,83.189874,,Point,way/1105897795,landfill,,,center,,,,,,,,,,,,,,,,,,,,,,,,,,,,,,,,
17.5901941,83.1667935,,Point,way/1105897797,landfill,,,center,,,,,,,,,,,,,,,,,,,,,,,,,,,,,,,,
17.5868395,83.1769216,,Point,way/1105897798,landfill,,,center,,,,,,,,,,,,,,,,,,,,,,,,,,,,,,,,
17.5774542,83.1220699,,Point,way/1105897801,landfill,,,center,,,,,,,,,,,,,,,,,,,,,,,,,,,,,,,,
17.5883532,83.1271506,,Point,way/1105897802,landfill,,,center,,,,,,,,,,,,,,,,,,,,,,,,,,,,,,,,
17.56846,83.1548094,,Point,way/1106072233,landfill,,,center,,,,,,,,,,,,,,,,,,,,,,,,,,,,,,,,
17.672954,83.125112,,Point,way/1106072234,landfill,,,center,,,,,,,,,,,,,,,,,,,,,,,,,,,,,,,,
13.1542768,77.6688176,,Point,way/1119802854,landfill,Bagalur Landfill,,center,,,,,,,,,,,,,,,,,,,,,,,,,,,,,,,,
13.1067317,77.6464855,,Point,way/1119802855,landfill,Mitaganahalli Landfill,,center,,,,,,,,,,,,,,,,,,,,,,,,,,,,,,,,
13.1027478,77.6464507,,Point,way/1119802856,landfill,Bellahalli Landfill,,center,,,,,,,,,,,,,,,,,,,,,,,,,,,,,,,,
10.46495,77.510975,,Point,way/1148897555,landfill,,,center,,,,,,,,,,,,,,,,,,,,,,,,,,,,,,,,
14.3403902,78.2351773,,Point,way/1152231847,landfill,,,center,,,,,,,,,,,,,,,,,,,,,,,,,,,,,,,,
19.0393011,73.0594316,,Point,way/1152267879,landfill,,,center,,,,,,,,,,,,,,,,,,,,,,,,,,,,,,,,
19.0593125,73.0609336,,Point,way/1152267993,landfill,,,center,,,,,,,,,,,,,,,,,,,,,,,,,,,,,,,,
15.6085812,73.7964267,,Point,way/1153050259,landfill,Mapusa Municipal Landfill,,center,,,,,,,,,,,,,,,,,,,,,,,,,,,,,,,,
20.0417125,73.7815734,,Point,way/1153422779,landfill,,,center,,,,,,,,,,,,,,,,,,,,,,,,,,,,,,,,
15.529437,73.7829088,,Point,way/1154093133,landfill,,,center,,,,,,,,,,,,,,,,,,,,,,,,,,,,,,,,
22.1141545,78.1773859,,Point,way/1161447760,landfill,,,center,,,,,,,,,,,,,,,,,,,,,,,,,,,,,,,,
22.1018137,78.1138658,,Point,way/1161447768,landfill,,,center,,,,,,,,,,,,,,,,,,,,,,,,,,,,,,,,
12.9539177,79.3097226,,Point,way/1162988812,landfill,,,center,,,,,,,,,,,,,,,yes,,,,,,,,,,contamination,,works,hazard,chromate,Abandoned Factory site of TCCl with piles of Chromium sludge waste containing hexavelent Chromium wich is leeching into ground and surface water,yes,Tamil Nadu Chromates and Chemicals Limited
15.4023672,73.7907618,,Point,way/1166324950,landfill,,,center,,,,,,,,,,,,,,,,,,,,,,,,,,,,,,,,
28.7436133,77.1647233,,Point,way/1174458540,landfill,,,center,,,,,,,,,,,,,,,,,,,,,,,,,,,,,,,yes,
28.7555633,77.1636122,,Point,way/1174536151,landfill,,,center,,,,,,,,,,,,,,,,,,,,,,,,,,,,,,,yes,
28.7526839,77.162405,,Point,way/1175896949,landfill,,,center,,,,,,,,,,,,,,,,,,,,,,,,,,,,,,,yes,
28.7529792,77.1620724,,Point,way/1175896966,landfill,,,center,,,,,,,,,,,,,,,,,,,,,,,,,,,,,,,yes,
28.7541669,77.1615277,,Point,way/1176131154,landfill,,,center,,,,,,,,,,,,,,,,,,,,,,,,,,,,,,,yes,
29.2004808,79.5342895,,Point,way/1176509343,landfill,,,center,,,,,,,,,,,,,,,,,,,,,,,,,,,,,,,,
28.7235377,77.1619066,,Point,way/1176576162,landfill,,,center,,,,,,,,,,,,,,,,,,,,,,,,,,,,,,,yes,
28.7224778,77.1775051,,Point,way/1177222868,landfill,,,center,,,,,,,,,,,,,,,,,,,,,,,,,,,,,,,,
28.7227281,77.1693637,,Point,way/1177245477,landfill,,,center,,,,,,,,,,,,,,,,,,,,,,,,,,,,,,,yes,
28.7530219,77.1614575,,Point,way/1177547177,landfill,,,center,,,,,,,,,,,,,,,,,,,,,,,,,,,,,,,yes,
28.7519573,77.1612607,,Point,way/1177576575,landfill,,,center,,,,,,,,,,,,,,,,,,,,,,,,,,,,,,,yes,
12.480462,78.5508947,,Point,way/1177928706,landfill,,,center,,,,,,,,,,,,,,,,,,,,,,,,,,,,,,,,
28.7443631,77.1574677,,Point,way/1179943437,landfill,,,center,,,,,,,,,,,,,,,,,,,,,,,,wetland,,,,,,,,
28.7444203,77.1572331,,Point,way/1180003625,landfill,,,center,,,,,,,,,,,,,,,,,,,,,,,,,,,,,,,,
28.7476322,77.1587358,,Point,way/1180980348,landfill,,,center,,,,,,,,,,,,,,,,,,,,,,,,,,,,,,,yes,
28.746487,77.1581499,,Point,way/1180980350,landfill,,,center,,,,,,,,,,,,,,,,,,,,,,,,,,,,,,,yes,
28.74643,77.1585323,,Point,way/1180980360,landfill,,,center,,,,,,,,,,,,,,,,,,,,,,,,,,,,,,,yes,
28.7480851,77.1573813,,Point,way/1181342832,landfill,,,center,,,,,,,,,,,,,,,,,,,,,,,,,,,,,,,yes,
28.7476541,77.1568859,,Point,way/1181342839,landfill,,,center,,,,,,,,,,,,,,,,,,,,,,,,,,,,,,,yes,
28.7472849,77.1566628,,Point,way/1181342843,landfill,,,center,,,,,,,,,,,,,,,,,,,,,,,,,,,,,,,yes,
28.7482748,77.1569187,,Point,way/1181342846,landfill,,,center,,,,,,,,,,,,,,,,,,,,,,,,,,,,,,,yes,
28.7487151,77.1574337,,Point,way/1182290169,landfill,,,center,,,,,,,,,,,,,,,,,,,,,,,,,,,,,,,yes,
28.7493827,77.1579743,,Point,way/1182290185,landfill,,,center,,,,,,,,,,,,,,,,,,,,,,,,wetland,,,,,,,yes,
28.7459994,77.1626108,,Point,way/1186804310,landfill,,,center,,,,,,,,,,,,,,,,,,,,,,,,,,,,,,,yes,
28.7369268,77.1610594,,Point,way/1189514227,landfill,,,center,,,,,,,,,,,,,,,,,,,,,,,,,,,,,,,yes,
28.6223706,75.3994618,,Point,way/1190082448,landfill,,,center,,,,,,,,,,,,,,,,,,,,,,,,,,,,,,,,
28.7510943,77.1691778,,Point,way/1192637691,landfill,,,center,,,,,,,,,,,,,,,,,,,,,,,,,,,,,,,yes,
28.7445575,77.1680291,,Point,way/1194263911,landfill,,,center,,,,,,,,,,,,,,,,,,,,,,,,,,,,,,,yes,
28.7461057,77.1643643,,Point,way/1195586183,landfill,,,center,,,,,,,,,,,,,,,,,,,,,,,,,,,,,,,,
29.6692577,75.7401612,,Point,way/1198721076,landfill,,,center,,,,,,,,,,,,,,,,,,,,,,,,,,,,,,,,
29.6678604,75.7404479,,Point,way/1198721077,landfill,,,center,,,,,,,,,,,,,,,,,,,,,,,,,,,,,,,,
29.6623618,75.7432439,,Point,way/1198721587,landfill,,,center,,,,,,,,,,,,,,,,,,,,,,,,,,,,,,,,
20.2589511,86.6243487,,Point,way/1201236212,landfill,,,center,,,,,,,,,,,,,,,,,,,,,,,,,,,,,,,,
10.2521705,77.5377113,,Point,way/1206613274,landfill,,,center,,,,,,,,,,,,,,,,,,,,,,,,,,,,,,,,
28.6608086,77.0976065,,Point,way/1210865044,landfill,,,center,,,,,,,,,,,,,,,,,,,,,,,,,,,,,,Unregulated,,
23.3516999,74.9968359,,Point,way/1214593049,landfill,,,center,,,,,,,,,,,,,,,,,,,,,,,,,,,,,,,,
17.6640189,73.9917525,,Point,way/1216510138,landfill,,,center,,,,,,,,,,,,,,,,,,,,,,,,,,,,,,,,
19.2442254,72.8402375,,Point,way/1218246459,landfill,,,center,,,,,,,,,,,,,,,,,,,,,,,,,,,,,,,,
12.9175901,77.4944354,,Point,way/1219569943,landfill,,,center,,,,,,,,,,,,,,,,,,,,,,,,,,,,,,,,
20.9773286,75.8876109,,Point,way/1227636895,landfill,Flyash Dump,,center,,,,,,,,,,,,,,,,,,,,,,,,,,,,,,,,
20.9723396,75.8645331,,Point,way/1227636896,landfill,Flyash Dump,,center,,,,,,,,,,,,,,,,,,,,,,,,,,,,,,,,
25.12683,81.9336426,,Point,way/1230398427,landfill,,,center,,,,,,,,,,,,,,,,,,,,,,,,,,,,,,,,
25.1237799,81.9262719,,Point,way/1230398428,landfill,,,center,,,,,,,,,,,,,,,,,,,,,,,,,,,,,,,,
16.93256,81.9263961,,Point,way/1230412677,landfill,,,center,,,,,,,,,,,,,,,,,,,,,,,,,,,,,,,,
16.9322192,81.9264088,,Point,way/1230412685,landfill,,,center,,,,,,,,,,,,,,,,,,,,,,,,,,,,,,,,
16.9319176,81.9273974,,Point,way/1230412692,landfill,,,center,,,,,,,,,,,,,,,,,,,,,,,,,,,,,,,,
16.9298413,81.9252223,,Point,way/1230706671,landfill,,,center,,,,,,,,,,,,,,,,,,,,,,,,,,,,,,,,
16.9293654,81.9268227,,Point,way/1231165693,landfill,,,center,,,,,,,,,,,,,,,,,,,,,,,,,,,,,,,,
16.9293876,81.9264651,,Point,way/1231165694,landfill,,,center,,,,,,,,,,,,,,,,,,,,,,,,,,,,,,,,
16.9286015,81.9266688,,Point,way/1231165718,landfill,,,center,,,,,,,,,,,,,,,,,,,,,,,,,,,,,,,,
16.9291648,81.9258598,,Point,way/1231165723,landfill,,,center,,,,,,,,,,,,,,,,,,,,,,,,,,,,,,,,
16.9287444,81.9259842,,Point,way/1231165729,landfill,,,center,,,,,,,,,,,,,,,,,Local knowledge,,,,,,,,,,,,,,,
16.9287003,81.9248312,,Point,way/1231169976,landfill,,,center,,,,,,,,,,,,,,,,,,,,,,,,,,,,,,,,
16.9284291,81.9247726,,Point,way/1231169983,landfill,,,center,,,,,,,,,,,,,,,,,,,,,,,,,,,,,,,,
16.9282245,81.924857,,Point,way/1232501637,landfill,,,center,,,,,,,,,,,,,,,,,,,,,,,,,,,,,,,,
16.9312929,81.9267863,,Point,way/1232742943,landfill,,,center,,,,,,,,,,,,,,,,,,,,,,,,,,,,,,,,
16.9311312,81.9267435,,Point,way/1232742954,landfill,,,center,,,,,,,,,,,,,,,,,,,,,,,,,,,,,,,,
16.9308634,81.9268921,,Point,way/1232742961,landfill,,,center,,,,,,,,,,,,,,,,,,,,,,,,,,,,,,,,
16.9305211,81.9267558,,Point,way/1232742976,landfill,,,center,,,,,,,,,,,,,,,,,,,,,,,,,,,,,,,,
16.9302191,81.9269753,,Point,way/1232742990,landfill,,,center,,,,,,,,,,,,,,,,,,,,,,,,,,,,,,,,
16.930307,81.9268916,,Point,way/1232742996,landfill,,,center,,,,,,,,,,,,,,,,,,,,,,,,,,,,,,,,
16.9305665,81.9265624,,Point,way/1232743041,landfill,,,center,,,,,,,,,,,,,,,,,,,,,,,,,,,,,,,,
16.9412233,81.9310752,,Point,way/1234110173,landfill,,,center,,,,,,,,,,,,,,,,,,,,,,,,,,,,,,,,
16.9414341,81.9323366,,Point,way/1234110216,landfill,,,center,,,,,,,,,,,,,,,,,,,,,,,,,,,,,,,,
16.9415529,81.9322568,,Point,way/1234110217,landfill,,,center,,,,,,,,,,,,,,,,,,,,,,,,,,,,,,,,
16.9414584,81.9325503,,Point,way/1234110218,landfill,,,center,,,,,,,,,,,,,,,,,,,,,,,,,,,,,,,,
16.9413451,81.9325961,,Point,way/1234110219,landfill,,,center,,,,,,,,,,,,,,,,,,,,,,,,,,,,,,,,
16.9409183,81.9335246,,Point,way/1234110236,landfill,,,center,,,,,,,,,,,,,,,,,,,,,,,,,,,,,,,,
16.9409019,81.9332685,,Point,way/1234110245,landfill,,,center,,,,,,,,,,,,,,,,,,,,,,,,,,,,,,,,
16.9410567,81.9329557,,Point,way/1234110248,landfill,,,center,,,,,,,,,,,,,,,,,,,,,,,,,,,,,,,,
16.9411267,81.9327309,,Point,way/1234110249,landfill,,,center,,,,,,,,,,,,,,,,,,,,,,,,,,,,,,,,
16.940709,81.9334231,,Point,way/1234110267,landfill,,,center,,,,,,,,,,,,,,,,,,,,,,,,,,,,,,,,
16.9410738,81.9320515,,Point,way/1234110289,landfill,,,center,,,,,,,,,,,,,,,,,,,,,,,,,,,,,,,,
16.940976,81.9323317,,Point,way/1234110293,landfill,,,center,,,,,,,,,,,,,,,,,,,,,,,,,,,,,,,,
16.9406238,81.9333906,,Point,way/1234699399,landfill,,,center,,,,,,,,,,,,,,,,,,,,,,,,,,,,,,,,
16.9405925,81.9334855,,Point,way/1234699400,landfill,,,center,,,,,,,,,,,,,,,,,,,,,,,,,,,,,,,,
16.940601,81.9330518,,Point,way/1234979636,landfill,,,center,,,,,,,,,,,,,,,,,,,,,,,,,,,,,,,,
16.9405409,81.9329517,,Point,way/1234979644,landfill,,,center,,,,,,,,,,,,,,,,,,,,,,,,,,,,,,,,
16.9389526,81.9327221,,Point,way/1234984166,landfill,,,center,,,,,,,,,,,,,,,,,,,,,,,,,,,,,,,,
16.9385717,81.9323102,,Point,way/1235006039,landfill,,,center,,,,,,,,,,,,,,,,,,,,,,,,,,,,,,,,
16.9444118,81.9338496,,Point,way/1235051306,landfill,,,center,,,,,,,,,,,,,,,,,,,,,,,,,,,,,,,,
16.9370961,81.93221,,Point,way/1235051382,landfill,,,center,,,,,,,,,,,,,,,,,,,,,,,,,,,,,,,,
16.9368034,81.9310515,,Point,way/1235051406,landfill,,,center,,,,,,,,,,,,,,,,,,,,,,,,,,,,,,,,
16.9369044,81.930945,,Point,way/1235051407,landfill,,,center,,,,,,,,,,,,,,,,,,,,,,,,,,,,,,,,
16.9364653,81.931056,,Point,way/1235051408,landfill,,,center,,,,,,,,,,,,,,,,,,,,,,,,,,,,,,,,
16.9366345,81.9310041,,Point,way/1235051409,landfill,,,center,,,,,,,,,,,,,,,,,,,,,,,,,,,,,,,,
16.9366211,81.9311054,,Point,way/1235051410,landfill,,,center,,,,,,,,,,,,,,,,,,,,,,,,,,,,,,,,
16.936653,81.9315258,,Point,way/1235051437,landfill,,,center,,,,,,,,,,,,,,,,,,,,,,,,,,,,,,,,
16.9366391,81.931633,,Point,way/1235051438,landfill,,,center,,,,,,,,,,,,,,,,,,,,,,,,,,,,,,,,
16.9364601,81.9314603,,Point,way/1235051439,landfill,,,center,,,,,,,,,,,,,,,,,,,,,,,,,,,,,,,,
16.9362165,81.9314842,,Point,way/1235051440,landfill,,,center,,,,,,,,,,,,,,,,,,,,,,,,,,,,,,,,
16.93656,81.9318524,,Point,way/1235051453,landfill,,,center,,,,,,,,,,,,,,,,,,,,,,,,,,,,,,,,
16.9366304,81.9317768,,Point,way/1235051454,landfill,,,center,,,,,,,,,,,,,,,,,,,,,,,,,,,,,,,,
16.93698,81.931378,,Point,way/1235051457,landfill,,,center,,,,,,,,,,,,,,,,,,,,,,,,,,,,,,,,
16.9383497,81.9330858,,Point,way/1235051458,landfill,,,center,,,,,,,,,,,,,,,,,,,,,,,,,,,,,,,,
16.9384279,81.9335724,,Point,way/1235051459,landfill,,,center,,,,,,,,,,,,,,,,,,,,,,,,,,,,,,,,
16.9381344,81.9334568,,Point,way/1235051460,landfill,,,center,,,,,,,,,,,,,,,,,,,,,,,,,,,,,,,,
16.9381282,81.933879,,Point,way/1235051461,landfill,,,center,,,,,,,,,,,,,,,,,,,,,,,,,,,,,,,,
16.9376284,81.9336162,,Point,way/1235051462,landfill,,,center,,,,,,,,,,,,,,,,,,,,,,,,,,,,,,,,
16.9371902,81.9331345,,Point,way/1235051463,landfill,,,center,,,,,,,,,,,,,,,,,,,,,,,,,,,,,,,,
16.9378341,81.9329163,,Point,way/1235051464,landfill,,,center,,,,,,,,,,,,,,,,,,,,,,,,,,,,,,,,
16.9376999,81.9333127,,Point,way/1235051465,landfill,,,center,,,,,,,,,,,,,,,,,,,,,,,,,,,,,,,,
16.9372856,81.9327368,,Point,way/1235051466,landfill,,,center,,,,,,,,,,,,,,,,,,,,,,,,,,,,,,,,
16.9368689,81.9328172,,Point,way/1235051467,landfill,,,center,,,,,,,,,,,,,,,,,,,,,,,,,,,,,,,,
16.9366601,81.92792,,Point,way/1235056969,landfill,,,center,,,,,,,,,,,,,,,,,,,,,,,,,,,,,,,,
16.9393071,81.9311522,,Point,way/1235141312,landfill,,,center,,,,,,,,,,,,,,,,,,,,,,,,,,,,,,,,
16.9323239,81.9246448,,Point,way/1235147392,landfill,,,center,,,,,,,,,,,,,,,,,,,,,,,,,,,,,,,,
23.072826,74.5611636,,Point,way/1236678314,landfill,,,center,,,,,,,,,,,,,,,,,,,,,,,,,,,,,,,,
16.9360396,81.9327212,,Point,way/1236685492,landfill,,,center,,,,,,,,,,,,,,,,,,,,,,,,,,,,,,,,
16.9353422,81.9326907,,Point,way/1236685498,landfill,,,center,,,,,,,,,,,,,,,,,,,,,,,,,,,,,,,,
16.9352977,81.932873,,Point,way/1236685499,landfill,,,center,,,,,,,,,,,,,,,,,,,,,,,,,,,,,,,,
16.934599,81.9325635,,Point,way/1236685507,landfill,,,center,,,,,,,,,,,,,,,,,,,,,,,,,,,,,,,,
16.9345014,81.9329221,,Point,way/1236685508,landfill,,,center,,,,,,,,,,,,,,,,,,,,,,,,,,,,,,,,
16.9343271,81.9322974,,Point,way/1236685509,landfill,,,center,,,,,,,,,,,,,,,,,,,,,,,,,,,,,,,,
16.9336149,81.9333611,,Point,way/1236685510,landfill,,,center,,,,,,,,,,,,,,,,,,,,,,,,,,,,,,,,
16.9330985,81.9320995,,Point,way/1236685511,landfill,,,center,,,,,,,,,,,,,,,,,,,,,,,,,,,,,,,,
16.9332453,81.9306239,,Point,way/1236685512,landfill,,,center,,,,,,,,,,,,,,,,,,,,,,,,,,,,,,,,
16.933053,81.9326803,,Point,way/1236685513,landfill,,,center,,,,,,,,,,,,,,,,,,,,,,,,,,,,,,,,
16.9332616,81.9328194,,Point,way/1236685514,landfill,,,center,,,,,,,,,,,,,,,,,,,,,,,,,,,,,,,,
16.933361,81.9304623,,Point,way/1236685516,landfill,,,center,,,,,,,,,,,,,,,,,,,,,,,,,,,,,,,,
16.9338968,81.9300514,,Point,way/1236685519,landfill,,,center,,,,,,,,,,,,,,,,,,,,,,,,,,,,,,,,
16.9338924,81.9303497,,Point,way/1236685520,landfill,,,center,,,,,,,,,,,,,,,,,,,,,,,,,,,,,,,,
16.9337783,81.9303155,,Point,way/1236685521,landfill,,,center,,,,,,,,,,,,,,,,,,,,,,,,,,,,,,,,
16.9325895,81.9301645,,Point,way/1236685534,landfill,,,center,,,,,,,,,,,,,,,,,,,,,,,,,,,,,,,,
12.9933323,80.0885249,,Point,way/1236765218,landfill,Kundrathur Landfill,,center,,,,,,,,,,,,,,,,,,,,,,,,,,,,,,,,
12.8922551,80.1550249,,Point,way/1237138907,landfill,,,center,,,,,,,,,,,,,,,,,,,,,,,,,,,,,,,,
16.934022,81.9319361,,Point,way/1237344447,landfill,,,center,,,,,,,,,,,,,,,,,,,,,,,,,,,,,,,,
16.9341238,81.9315821,,Point,way/1237344448,landfill,,,center,,,,,,,,,,,,,,,,,,,,,,,,,,,,,,,,
16.9339709,81.932196,,Point,way/1237344449,landfill,,,center,,,,,,,,,,,,,,,,,,,,,,,,,,,,,,,,
16.9341769,81.9320993,,Point,way/1237344450,landfill,,,center,,,,,,,,,,,,,,,,,,,,,,,,,,,,,,,,
16.9344461,81.9317494,,Point,way/1237344451,landfill,,,center,,,,,,,,,,,,,,,,,,,,,,,,,,,,,,,,
16.9345489,81.9315331,,Point,way/1237344452,landfill,,,center,,,,,,,,,,,,,,,,,,,,,,,,,,,,,,,,
16.9346488,81.9313554,,Point,way/1237344453,landfill,,,center,,,,,,,,,,,,,,,,,,,,,,,,,,,,,,,,
16.933631,81.9311955,,Point,way/1237344462,landfill,,,center,,,,,,,,,,,,,,,,,,,,,,,,,,,,,,,,
16.9339159,81.9309038,,Point,way/1237344463,landfill,,,center,,,,,,,,,,,,,,,,,,,,,,,,,,,,,,,,
16.9338312,81.9323064,,Point,way/1237344464,landfill,,,center,,,,,,,,,,,,,,,,,,,,,,,,,,,,,,,,
16.9333373,81.9314687,,Point,way/1237344465,landfill,,,center,,,,,,,,,,,,,,,,,,,,,,,,,,,,,,,,
16.933248,81.930988,,Point,way/1237344466,landfill,,,center,,,,,,,,,,,,,,,,,,,,,,,,,,,,,,,,
16.9330619,81.9315291,,Point,way/1237344467,landfill,,,center,,,,,,,,,,,,,,,,,,,,,,,,,,,,,,,,
16.9334125,81.9328039,,Point,way/1237344468,landfill,,,center,,,,,,,,,,,,,,,,,,,,,,,,,,,,,,,,
16.9329462,81.931448,,Point,way/1237344470,landfill,,,center,,,,,,,,,,,,,,,,,,,,,,,,,,,,,,,,
16.9332416,81.9311856,,Point,way/1237344471,landfill,,,center,,,,,,,,,,,,,,,,,,,,,,,,,,,,,,,,
16.9332352,81.9312748,,Point,way/1237344472,landfill,,,center,,,,,,,,,,,,,,,,,,,,,,,,,,,,,,,,
16.932785,81.9314463,,Point,way/1237344488,landfill,,,center,,,,,,,,,,,,,,,,,,,,,,,,,,,,,,,,
16.9326783,81.9314178,,Point,way/1237344489,landfill,,,center,,,,,,,,,,,,,,,,,,,,,,,,,,,,,,,,
16.9326712,81.9316324,,Point,way/1237344490,landfill,,,center,,,,,,,,,,,,,,,,,,,,,,,,,,,,,,,,
16.932383,81.931922,,Point,way/1237344521,landfill,,,center,,,,,,,,,,,,,,,,,,,,,,,,,,,,,,,,
16.9318851,81.9316647,,Point,way/1237344527,landfill,,,center,,,,,,,,,,,,,,,,,,,,,,,,,,,,,,,,
16.9320117,81.9307122,,Point,way/1237344538,landfill,,,center,,,,,,,,,,,,,,,,,,,,,,,,,,,,,,,,
16.9318601,81.9313218,,Point,way/1237344563,landfill,,,center,,,,,,,,,,,,,,,,,,,,,,,,,,,,,,,,
16.9316666,81.9304745,,Point,way/1237344574,landfill,,,center,,,,,,,,,,,,,,,,,,,,,,,,,,,,,,,,
16.9316194,81.9308397,,Point,way/1237344575,landfill,,,center,,,,,,,,,,,,,,,,,,,,,,,,,,,,,,,,
16.9313245,81.9317643,,Point,way/1237344586,landfill,,,center,,,,,,,,,,,,,,,,,,,,,,,,,,,,,,,,
16.9313805,81.9314581,,Point,way/1237344591,landfill,,,center,,,,,,,,,,,,,,,,,,,,,,,,,,,,,,,,
16.9362602,81.9304025,,Point,way/1237350131,landfill,,,center,,,,,,,,,,,,,,,,,,,,,,,,,,,,,,,,
16.9370401,81.9307658,,Point,way/1237350134,landfill,,,center,,,,,,,,,,,,,,,,,,,,,,,,,,,,,,,,
16.9372136,81.9310502,,Point,way/1237350135,landfill,,,center,,,,,,,,,,,,,,,,,,,,,,,,,,,,,,,,
16.9359517,81.9305448,,Point,way/1237350136,landfill,,,center,,,,,,,,,,,,,,,,,,,,,,,,,,,,,,,,
16.9357606,81.9300666,,Point,way/1237350137,landfill,,,center,,,,,,,,,,,,,,,,,,,,,,,,,,,,,,,,
16.9352811,81.9314021,,Point,way/1237350149,landfill,,,center,,,,,,,,,,,,,,,,,,,,,,,,,,,,,,,,
16.9353788,81.9318458,,Point,way/1237350150,landfill,,,center,,,,,,,,,,,,,,,,,,,,,,,,,,,,,,,,
16.9352885,81.9317973,,Point,way/1237350151,landfill,,,center,,,,,,,,,,,,,,,,,,,,,,,,,,,,,,,,
16.9356596,81.9308137,,Point,way/1237350157,landfill,,,center,,,,,,,,,,,,,,,,,,,,,,,,,,,,,,,,
16.9355425,81.9307238,,Point,way/1237350158,landfill,,,center,,,,,,,,,,,,,,,,,,,,,,,,,,,,,,,,
16.9357219,81.9302663,,Point,way/1237350159,landfill,,,center,,,,,,,,,,,,,,,,,,,,,,,,,,,,,,,,
16.9355528,81.9301027,,Point,way/1237350161,landfill,,,center,,,,,,,,,,,,,,,,,,,,,,,,,,,,,,,,
16.9355521,81.9297883,,Point,way/1237350162,landfill,,,center,,,,,,,,,,,,,,,,,,,,,,,,,,,,,,,,
16.936597,81.9302583,,Point,way/1237350173,landfill,,,center,,,,,,,,,,,,,,,,,,,,,,,,,,,,,,,,
16.9366895,81.9303923,,Point,way/1237350174,landfill,,,center,,,,,,,,,,,,,,,,,,,,,,,,,,,,,,,,
16.9357691,81.931144,,Point,way/1237350175,landfill,,,center,,,,,,,,,,,,,,,,,,,,,,,,,,,,,,,,
16.9360914,81.9302976,,Point,way/1237350197,landfill,,,center,,,,,,,,,,,,,,,,,,,,,,,,,,,,,,,,
16.9360613,81.9303458,,Point,way/1237350198,landfill,,,center,,,,,,,,,,,,,,,,,,,,,,,,,,,,,,,,
16.9360495,81.9303929,,Point,way/1237350199,landfill,,,center,,,,,,,,,,,,,,,,,,,,,,,,,,,,,,,,
16.9359874,81.9318095,,Point,way/1237350204,landfill,,,center,,,,,,,,,,,,,,,,,,,,,,,,,,,,,,,,
16.9362032,81.9296999,,Point,way/1237367889,landfill,,,center,,,,,,,,,,,,,,,,,,,,,,,,,,,,,,,,
16.9362853,81.9293233,,Point,way/1237367907,landfill,,,center,,,,,,,,,,,,,,,,,,,,,,,,,,,,,,,,
16.9361541,81.9290965,,Point,way/1237367908,landfill,,,center,,,,,,,,,,,,,,,,,,,,,,,,,,,,,,,,
16.9362365,81.9290355,,Point,way/1237367910,landfill,,,center,,,,,,,,,,,,,,,,,,,,,,,,,,,,,,,,
16.936323,81.9289385,,Point,way/1237367911,landfill,,,center,,,,,,,,,,,,,,,,,,,,,,,,,,,,,,,,
16.9361709,81.9288985,,Point,way/1237367914,landfill,,,center,,,,,,,,,,,,,,,,,,,,,,,,,,,,,,,,
16.9367813,81.928975,,Point,way/1237367923,landfill,,,center,,,,,,,,,,,,,,,,,,,,,,,,,,,,,,,,
16.9364884,81.9288117,,Point,way/1237367931,landfill,,,center,,,,,,,,,,,,,,,,,,,,,,,,,,,,,,,,
16.9368542,81.9288142,,Point,way/1237367938,landfill,,,center,,,,,,,,,,,,,,,,,,,,,,,,,,,,,,,,
16.9358599,81.9286121,,Point,way/1237574870,landfill,,,center,,,,,,,,,,,,,,,,,,,,,,,,,,,,,,,,
16.9364601,81.9286227,,Point,way/1238013788,landfill,,,center,,,,,,,,,,,,,,,,,,,,,,,,,,,,,,,,
16.935761,81.928659,,Point,way/1238013797,landfill,,,center,,,,,,,,,,,,,,,,,,,,,,,,,,,,,,,,
16.9356338,81.9286797,,Point,way/1238013798,landfill,,,center,,,,,,,,,,,,,,,,,,,,,,,,,,,,,,,,
16.9359536,81.9286368,,Point,way/1238013800,landfill,,,center,,,,,,,,,,,,,,,,,,,,,,,,,,,,,,,,
16.9349992,81.9288267,,Point,way/1238013815,landfill,,,center,,,,,,,,,,,,,,,,,,,,,,,,,,,,,,,,
16.9357842,81.9293842,,Point,way/1238013840,landfill,,,center,,,,,,,,,,,,,,,,,,,,,,,,,,,,,,,,
16.9352531,81.9294353,,Point,way/1238013869,landfill,,,center,,,,,,,,,,,,,,,,,,,,,,,,,,,,,,,,
16.9343787,81.9288925,,Point,way/1238013902,landfill,,,center,,,,,,,,,,,,,,,,,,,,,,,,,,,,,,,,
16.9339036,81.9293605,,Point,way/1238013919,landfill,,,center,,,,,,,,,,,,,,,,,,,,,,,,,,,,,,,,
16.9328895,81.9291524,,Point,way/1238013957,landfill,,,center,,,,,,,,,,,,,,,,,,,,,,,,,,,,,,,,
16.9327688,81.9291414,,Point,way/1238013960,landfill,,,center,,,,,,,,,,,,,,,,,,,,,,,,,,,,,,,,
16.9326576,81.929564,,Point,way/1238013962,landfill,,,center,,,,,,,,,,,,,,,,,,,,,,,,,,,,,,,,
16.9320535,81.9290912,,Point,way/1238013971,landfill,,,center,,,,,,,,,,,,,,,,,,,,,,,,,,,,,,,,
16.9320693,81.9296919,,Point,way/1238955421,landfill,,,center,,,,,,,,,,,,,,,,,,,,,,,,,,,,,,,,
16.9322094,81.9297191,,Point,way/1238955424,landfill,,,center,,,,,,,,,,,,,,,,,,,,,,,,,,,,,,,,
16.9321737,81.9299125,,Point,way/1238955426,landfill,,,center,,,,,,,,,,,,,,,,,,,,,,,,,,,,,,,,
16.9327099,81.9299227,,Point,way/1238955429,landfill,,,center,,,,,,,,,,,,,,,,,,,,,,,,,,,,,,,,
16.9326391,81.9299501,,Point,way/1238955430,landfill,,,center,,,,,,,,,,,,,,,,,,,,,,,,,,,,,,,,
19.8862321,75.3455431,,Point,way/1241916349,landfill,,,center,,,,,,,,,,,,,,,,,,,,,,,,,,,,,,,,
19.2877916,72.7943226,,Point,way/1258941019,landfill,MBMC Dumping Ground,,center,,,,,,,,,MBMC,,,,,,,,,,,,,,,,,,,,,,,
15.7038465,73.7948361,,Point,way/1260469582,landfill,,,center,,,,,,,,,,,,,,,,,,,,,,,,,,,,,,,,
9.9920562,76.366932,,Point,way/1262085027,landfill,Bhramapuram Solid waste treatment plant,,center,,,,,,,,,,,,,,,,,,,,,,,,,,,,,,,,
23.7447721,68.8040578,,Point,way/1264555199,landfill,,,center,,,,,,,,,,,,,,,,,,,,,,,,,,,,,,,,
13.1425592,77.6328794,,Point,way/1272011977,landfill,,,center,,,,,,,,,,,,,,,,,,,,,,,,,,,,,,,,
18.8839448,82.5719333,,Point,way/1272568046,landfill,,,center,,,,,,,,,,,,,,,,,,,,,,,,,,,,,,,,
26.4562268,92.8843344,,Point,way/1275552264,landfill,,,center,,,,,,,,,,,,,,,,,,,,,,,,,,,,,,,,
28.7735449,77.5187923,,Point,way/1278046469,landfill,,,center,,,,,,,,,,,,,,,,,,,,,,,,,,,,,,,yes,
25.6098811,91.8715221,,Point,way/1283241727,landfill,MARTEN,,center,,,,,,,,,GOVT.,,,,,,,,,,,,,,,,,,,,,,,
12.8916833,77.6042209,,Point,way/1286560384,landfill,,,center,,,,,,,,,,,,,,,,,,,,,,,,,,,,,,,,
15.8047347,77.9750467,,Point,way/1292312057,landfill,LANDS,,center,,,,,,,,,,,,,,,,,,,,,,,,,,,,,,,,
16.9294702,81.9296145,,Point,way/1314946181,landfill,,,center,,,,,,,,,,,,,,,,,,,,,,,,,,,,,,,,
22.0355458,69.1842261,,Point,way/1319296212,landfill,,,center,,,,,,,,,,,,,,,,,,,,,,,,,,,,,,,,
22.0352573,69.1836106,,Point,way/1319296213,landfill,,,center,,,,,,,,,,,,,,,,,,,,,,,,,,,,,,,,
30.6805784,76.8820463,,Point,way/1319691656,landfill,Sector 23 Dumping Ground,,center,,,,,,,,,Municipal Corporation Panchkula,,,,,,,,,,,,,,,,,,,,,,,
16.9923138,81.9919227,,Point,way/1324036780,landfill,Uncultivated land,,center,,,,,,,,,,,,,,,,,,,,,,,,,,,,,,,,
16.1712227,81.0352176,,Point,way/1324599077,landfill,,,center,,,,,,,,,,,,,,,,,,,,,,,,,,,,,,,,
16.9068335,81.0214472,,Point,way/1324616028,landfill,,,center,,,,,,,,,,,,,,,,,,,,,,,,,,,,,,,,
13.1453181,77.6364018,,Point,way/1327871160,landfill,,,center,,,,,,,,,,,,,,,,,,,,,,,,,,,,,,,,
22.9415395,88.6333638,,Point,way/1329615369,landfill,,,center,,,,,,,,,,,,,,,,,,,,,,,,,,,,,,,,
22.1945663,69.1851938,,Point,way/1332656125,landfill,,,center,,,,,,,,,,,,,,,,,,,,,,,,,,,,,,,,
22.1939646,69.2006128,,Point,way/1332689755,landfill,,,center,,,,,,,,,,,,,,,,,,,,,,,,,,,,,,,,
22.1933392,69.2016004,,Point,way/1332689756,landfill,,,center,,,,,,,,,,,,,,,,,,,,,,,,,,,,,,,,
13.137136,77.6306096,,Point,way/1333647471,landfill,,,center,,,,,,,,,,,,,,,,,,,,,,,,,,,,,,,,
13.1360332,77.6304453,,Point,way/1333647472,landfill,,,center,,,,,,,,,,,,,,,,,,,,,,,,,,,,,,,,
22.1695867,69.2887948,,Point,way/1333790341,landfill,,,center,,,,,,,,,,,,,,,,,,,,,,,,,,,,,,,,
22.1838774,69.2348178,,Point,way/1334354155,landfill,,,center,,,,,,,,,,,,,,,,,,,,,,,,,,,,,,,,
22.182209,69.2179139,,Point,way/1334364243,landfill,,,center,,,,,,,,,,,,,,,,,,,,,,,,,,,,,,,,
15.6184147,73.8345346,,Point,way/1335290741,landfill,Illegal Garbage Dumping Site,,center,,,,,,,,,,,,,,,,,,,,,,,,,,,,,,,,
15.5945042,73.8077744,,Point,way/1341216716,landfill,Illegal Trash Dump,,center,,,,,,,,,,,,,,,,,,,,,,,,,,,,,,,,
13.1049814,77.6458579,,Point,way/1341457440,landfill,,,center,,,,,,,,,,,,,,,,,,,,,,,,,,,,,,,,
13.1019474,77.6481016,,Point,way/1341457441,landfill,,,center,,,,,,,,,,,,,,,,,,,,,,,,,,,,,,,,
13.1112745,77.6514476,,Point,way/1341457586,landfill,,,center,,,,,,,,,,,,,,,,,,,,,,,,,,,,,,,,
15.5931372,73.8251264,,Point,way/1341467090,landfill,Illegal Waste Dump,,center,,,,,,,,,,,,,,,,,,,,,,,,,,,,,,,,
22.2115713,69.0101199,,Point,way/1341926585,landfill,,,center,,,,,,,,,,,,,,,,,,,,,,,,,,,,,,,,
22.2399256,68.9713237,,Point,way/1343832216,landfill,,,center,,,,,,,,,,,,,,,,,,,,,,,,,,,,,,,,
34.4994391,76.1475599,,Point,way/1347614835,landfill,,,center,,,,,,,,,,,,,,,,,,,,,,,,,,,,hazard,,,,
15.5917831,73.7407419,,Point,way/1352056990,landfill,,,center,,,,,,,,,,,,,,,,,,,,,,,,,,,,,,,,
12.9943257,77.608579,,Point,way/1354135994,landfill,Leaf Compost,,center,,,,,,,,,,,,,,,,,,,,,,,,,,,,,,,,
15.5976205,73.8176235,,Point,way/1355622228,landfill,Illegal Dump Site,,center,,,,,,,,,,,,,,,,,,,,,,,,,,,,,,,,
15.6094739,73.8108285,,Point,way/1359588100,landfill,Illegal Dump Site,,center,,,,,,,,,,,,,,,,,,,,,,,,,,,,,,,,
15.6058509,73.8122257,,Point,way/1359588105,landfill,Illegal Dump Site,,center,,,,,,,,,,,,,,,,,,,,,,,,,,,,,,,,
28.329533,76.8857713,,Point,way/1360551212,landfill,,,center,,,,,,,,,,,,,,,,,,,,,,,,,,,,,,,,
15.5886498,73.8140831,,Point,way/1360871674,landfill,Illegal Dump Site,,center,,,,,,,,,,,,,,,,,,,,,,,,,,,,,,,,
15.5880082,73.8095764,,Point,way/1360883892,landfill,Illegal Dump Site,,center,,,,,,,,,,,,,,,,,,,,,,,,,,,,,,,,
15.5873478,73.8093574,,Point,way/1360883898,landfill,Illegal Dump Site,,center,,,,,,,,,,,,,,,,,,,,,,,,,,,,,,,,
15.587145,73.8103459,,Point,way/1360883908,landfill,Market Dumpyard,,center,,,,,,,,,,,,,,,,,,,,,,,,,,,,,,,,
15.6107609,73.8285228,,Point,way/1361059851,landfill,Illegal Garbage Dumping Site,,center,,,,,,,,,,,,,,,,,,,,,,,,,,,,,,,,
15.5977234,73.7505251,,Point,way/1361341050,landfill,,,center,,,,,,,,,,,,,,,,,,,,,,,,,,,,,,,,
15.6108711,73.8103829,,Point,way/1362276487,landfill,Illegal Dump Site,,center,,,,,,,,,,,,,,,,,,,,,,,,,,,,,,,,
16.4357831,80.9807716,,Point,way/1364305716,landfill,,,center,,,,,,,,,,,,,,,,,,,,,,,,,,,,,,,,
15.611655,73.8032398,,Point,way/1364411613,landfill,Illegal Dump Site,,center,,,,,,,,,,,,,,,,,,,,,,,,,,,,,,,,
21.2287106,79.6303325,,Point,way/1364447127,landfill,,,center,,,,,,,,,,,,,,,,,,,,,,,,,,,,,,,,
15.5793395,73.8352598,,Point,way/1368281244,landfill,Illegal Dump Site,,center,,,,,,,,,,,,,,,,,,,,,,,,,,,,,,,,
18.1724798,79.8117095,,Point,way/1374154050,landfill,,,center,,,,,,,,,,,,,,,,,,,,,,,,,,,,,,,,
18.1117353,79.8024002,,Point,way/1374154053,landfill,,,center,,,,,,,,,,,,,,,,,,,,,,,,,,,,,,,,
15.5908349,73.8216028,,Point,way/1374619093,landfill,Illegal Dump Site,,center,,,,,,,,,,,,,,,,,,,,,,,,,,,,,,,,
15.5921988,73.8226306,,Point,way/1374619105,landfill,Illegal Dump Site,,center,,,,,,,,,,,,,,,,,,,,,,,,,,,,,,,,
15.6024635,73.8228325,,Point,way/1374619106,landfill,Illegal Dump Site,,center,,,,,,,,,,,,,,,,,,,,,,,,,,,,,,,,
15.5918649,73.8221432,,Point,way/1374619127,landfill,Illegal Dump Site,,center,,,,,,,,,,,,,,,,,,,,,,,,,,,,,,,,
15.601812,73.7507572,,Point,way/1375593803,landfill,Illegal Dump Site,,center,,,,,,,,,,,,,,,,,,,,,,,,,,,,,,,,
15.5955698,73.8153104,,Point,way/1376060718,landfill,Illegal Dump Site,,center,,,,,,,,,,,,,,,,,,,,,,,,,,,,,,,,
22.6477922,88.3952423,,Point,way/1376621003,landfill,,,center,,,,,,,,,,,,,,,,,,,,,,,,,,,,,,,,
15.6006182,73.8102985,,Point,way/1376651393,landfill,Illegal Dump Site,,center,,,,,,,,,,,,,,,,,,,,,,,,,,,,,,,,
15.5996086,73.8111461,,Point,way/1376651398,landfill,Illegal Dump Site,,center,,,,,,,,,,,,,,,,,,,,,,,,,,,,,,,,
12.4246271,75.7214587,,Point,way/1378701490,landfill,,,center,,,,,,,,,,,,,,,,,,,,,,,,,,,,,,,,
15.5610715,74.0306908,,Point,way/1379870550,landfill,,,center,,,,,,,,,,,,,,,,,,,,,,,,,,,,,,,,
15.2585701,74.0168976,,Point,way/1379881167,landfill,,,center,,,,,,,,,,,,,,,,,,,,,,,,,,,,,,,,
15.6009281,73.8033803,,Point,way/1380922476,landfill,Illegal Dump Site,,center,,,,,,,,,,,,,,,,,,,,,,,,,,,,,,,,
15.4823951,73.9635927,,Point,way/1381591509,landfill,,,center,,,,,,,,,,,,,,,,,,,,,,,,,,,,,,,,
15.4445121,73.8569934,,Point,way/1382750448,landfill,Illegal Dump Site,,center,,,,,,,,,,,,,,,,,,,,,,,,,,,,,,,,
18.9717615,72.8495948,,Point,way/1386099085,landfill,Dump,,center,,,,,,,,,,,,,,,,,,,,,,,,,,,,,,,,
18.9726443,72.8522703,,Point,way/1386099086,landfill,Dump,,center,,,,,,,,,,,,,,,,,,,,,,,,,,,,,,,,
12.9928006,77.6632169,,Point,node/3451690400,landfill,,,,,,,,,,,,,,,,,,,,,,,,,,,,,,,,,,,
34.0558652,74.4031276,,Point,node/5936065429,landfill,And garbage incinerator,,,,,,,,,,,,,,,,,,,,,,,,,,,,,,,,,,
25.3019305,91.6943667,,Point,node/7113644816,landfill,Garbage,,,,,,,,,,,,,,,,,,,,,,,,,,,,,,,,,,
34.1037546,74.7953864,,Point,node/9116862044,landfill,Muslim Specified Wakaf Properties Land,,,,,,,,,,,,,,,,,,,,,,,,,,,,,,,,,,
